Reading #,Date,Time,Cu Concentration,Cu Error1s,Zn Concentration,Zn Error1s,Pb Concentration,Pb Error1s
1,2026-04-23,8:48:30,47,4,142,4,46,2
2,2026-04-23,8:50:18,60,5,412,8,58,3
3,2026-04-23,8:51:44,55,7,602,14,150,6
4,2026-04-23,8:52:59,59,4,177,5,47,2
5,2026-04-23,8:54:07,86,4,271,5,91,2
6,2026-04-23,8:55:07,46,4,354,6,124,3
7,2026-04-23,8:56:07,39,3,146,4,225,4
8,2026-04-23,8:56:57,85,5,383,12,225,7
9,2026-04-23,8:58:44,16,3,260,5,7,1
10,2026-04-23,9:02:33,85,4,425,7,711,7
11,2026-04-23,10:05:51,40,3,147,4,143,3
12,2026-04-23,10:07:19,54,4,270,5,110,3
13,2026-04-23,10:08:49,61,4,293,6,145,3
14,2026-04-23,10:10:45,37,3,860,9,1663,10
15,2026-04-23,10:12:40,41,4,119,4,181,3
16,2026-04-23,10:14:13,142,5,839,9,905,7
17,2026-04-23,10:15:59,71,4,312,6,100,3
18,2026-04-23,10:17:39,12,2,121,3,4,1
19,2026-04-23,10:21:24,55,4,241,5,43,2
20,2026-04-23,10:23:33,59,4,179,5,53,2
21,2026-04-23,10:25:20,64,4,319,6,121,3
1,2026-04-27,14:39:42,78,4,425,6,267,4
2,2026-04-27,14:43:25,77,3,459,6,636,5
3,2026-04-27,14:45:16,33,3,110,4,27,2
4,2026-04-27,14:46:58,78,4,461,6,267,4
5,2026-04-27,14:49:41,144,5,318,5,88,2
6,2026-04-27,14:51:13,95,4,369,6,581,6
7,2026-04-27,14:53:09,85,4,687,7,501,5
8,2026-04-27,14:54:55,61,3,885,9,1099,8
9,2026-04-27,14:56:57,21,3,71,3,21,2
10,2026-04-27,14:58:25,72,4,443,6,365,4
11,2026-04-27,14:59:45,44,3,156,4,79,2
12,2026-04-27,15:01:33,71,4,209,5,238,4
13,2026-04-27,15:03:27,56,3,149,4,56,2
14,2026-04-27,15:05:08,54,4,174,4,169,3
15,2026-04-27,15:07:03,123,5,1739,14,1372,10
16,2026-04-27,15:09:03,126,5,705,8,680,6
17,2026-04-27,15:10:54,52,4,173,4,84,3
18,2026-04-27,15:12:19,30,3,83,3,28,2
19,2026-04-27,15:13:45,66,4,414,6,174,3
20,2026-04-27,15:15:38,77,4,354,6,460,5
21,2026-04-27,15:17:33,28,3,101,3,55,2
22,2026-04-27,15:19:23,41,3,156,4,62,2
23,2026-04-27,15:21:05,69,5,480,9,642,8
24,2026-04-27,15:23:41,66,4,130,4,54,2
25,2026-04-27,15:28:35,53,3,473,6,910,7
26,2026-04-27,15:30:56,55,3,356,5,138,3
27,2026-04-27,15:32:32,56,4,247,5,51,2
28,2026-04-27,15:34:10,6106,34,4923,27,4789,24
29,2026-04-27,15:36:05,88,4,521,7,443,5
30,2026-04-27,15:37:35,58,4,179,4,66,2
31,2026-04-27,15:39:28,16,3,52,2,8,1
32,2026-04-27,15:41:16,54,3,250,5,108,2
33,2026-04-27,15:42:53,18,2,49,2,6,1
34,2026-04-27,15:44:26,46,3,165,4,236,4
35,2026-04-27,15:46:04,100,4,592,7,569,6
36,2026-04-27,15:47:33,67,3,599,7,1185,8
37,2026-04-27,15:49:26,68,4,292,5,456,5
38,2026-04-27,15:50:56,61,4,663,8,199,4
39,2026-04-27,15:52:54,68,4,345,6,144,3
40,2026-04-27,15:54:52,33,3,145,4,119,3
1,2026-04-28,13:08:37,47,3,445,6,84,2
2,2026-04-28,13:10:20,60,4,676,8,196,3
3,2026-04-28,13:12:09,45,3,356,5,134,3
4,2026-04-28,13:14:07,9,2,45,2,6,1
5,2026-04-28,13:19:36,48,3,287,5,105,2
6,2026-04-28,13:20:55,91,4,296,5,576,5
7,2026-04-28,13:23:13,43,3,645,8,368,4
8,2026-04-28,13:25:14,127,4,926,9,326,4
9,2026-04-28,13:27:35,43,3,100,3,15,2
10,2026-04-28,13:29:47,50,4,240,5,45,2
11,2026-04-28,13:32:04,77,4,607,7,400,5
12,2026-04-28,13:35:06,63,4,704,8,241,4
13,2026-04-28,13:36:32,82,5,110,4,17,2
14,2026-04-28,13:37:57,60,5,210,6,32,2
15,2026-04-28,13:40:09,50,3,152,4,90,2
16,2026-04-28,13:42:08,14,2,8,1,<LOD,4
17,2026-04-28,13:44:23,10,3,251,5,5,1
18,2026-04-28,13:46:33,<LOD,7,107,2,3,1
19,2026-04-28,13:48:15,7,2,120,3,4,1
20,2026-04-28,13:49:44,9,2,96,2,<LOD,5
21,2026-04-28,13:51:17,18,3,237,5,5,1