Instrument Serial Num,Reading #,Date,Time,Method Name,User Factor Name,Test Label,Collimation Status,Latitude,Longitude, Units,Mg Compound,Mg Compound Level,Mg Compound Error,Mg Concentration,Mg Error1s,Mg User Factor Slope,Mg User Factor Offset,Al Compound,Al Compound Level,Al Compound Error,Al Concentration,Al Error1s,Al User Factor Slope,Al User Factor Offset,Si Compound,Si Compound Level,Si Compound Error,Si Concentration,Si Error1s,Si User Factor Slope,Si User Factor Offset,P Compound,P Compound Level,P Compound Error,P Concentration,P Error1s,P User Factor Slope,P User Factor Offset,S Compound,S Compound Level,S Compound Error,S Concentration,S Error1s,S User Factor Slope,S User Factor Offset,Cl Compound,Cl Compound Level,Cl Compound Error,Cl Concentration,Cl Error1s,Cl User Factor Slope,Cl User Factor Offset,Ca Compound,Ca Compound Level,Ca Compound Error,Ca Concentration,Ca Error1s,Ca User Factor Slope,Ca User Factor Offset,Ti Compound,Ti Compound Level,Ti Compound Error,Ti Concentration,Ti Error1s,Ti User Factor Slope,Ti User Factor Offset,V Compound,V Compound Level,V Compound Error,V Concentration,V Error1s,V User Factor Slope,V User Factor Offset,Cr Compound,Cr Compound Level,Cr Compound Error,Cr Concentration,Cr Error1s,Cr User Factor Slope,Cr User Factor Offset,Mn Compound,Mn Compound Level,Mn Compound Error,Mn Concentration,Mn Error1s,Mn User Factor Slope,Mn User Factor Offset,Fe Compound,Fe Compound Level,Fe Compound Error,Fe Concentration,Fe Error1s,Fe User Factor Slope,Fe User Factor Offset,Co Compound,Co Compound Level,Co Compound Error,Co Concentration,Co Error1s,Co User Factor Slope,Co User Factor Offset,Ni Compound,Ni Compound Level,Ni Compound Error,Ni Concentration,Ni Error1s,Ni User Factor Slope,Ni User Factor Offset,Cu Compound,Cu Compound Level,Cu Compound Error,Cu Concentration,Cu Error1s,Cu User Factor Slope,Cu User Factor Offset,Zn Compound,Zn Compound Level,Zn Compound Error,Zn Concentration,Zn Error1s,Zn User Factor Slope,Zn User Factor Offset,As Compound,As Compound Level,As Compound Error,As Concentration,As Error1s,As User Factor Slope,As User Factor Offset,Se Compound,Se Compound Level,Se Compound Error,Se Concentration,Se Error1s,Se User Factor Slope,Se User Factor Offset,Rb Compound,Rb Compound Level,Rb Compound Error,Rb Concentration,Rb Error1s,Rb User Factor Slope,Rb User Factor Offset,Sr Compound,Sr Compound Level,Sr Compound Error,Sr Concentration,Sr Error1s,Sr User Factor Slope,Sr User Factor Offset,Y Compound,Y Compound Level,Y Compound Error,Y Concentration,Y Error1s,Y User Factor Slope,Y User Factor Offset,Zr Compound,Zr Compound Level,Zr Compound Error,Zr Concentration,Zr Error1s,Zr User Factor Slope,Zr User Factor Offset,Nb Compound,Nb Compound Level,Nb Compound Error,Nb Concentration,Nb Error1s,Nb User Factor Slope,Nb User Factor Offset,Mo Compound,Mo Compound Level,Mo Compound Error,Mo Concentration,Mo Error1s,Mo User Factor Slope,Mo User Factor Offset,Ag Compound,Ag Compound Level,Ag Compound Error,Ag Concentration,Ag Error1s,Ag User Factor Slope,Ag User Factor Offset,Cd Compound,Cd Compound Level,Cd Compound Error,Cd Concentration,Cd Error1s,Cd User Factor Slope,Cd User Factor Offset,Sn Compound,Sn Compound Level,Sn Compound Error,Sn Concentration,Sn Error1s,Sn User Factor Slope,Sn User Factor Offset,Sb Compound,Sb Compound Level,Sb Compound Error,Sb Concentration,Sb Error1s,Sb User Factor Slope,Sb User Factor Offset,Ba Compound,Ba Compound Level,Ba Compound Error,Ba Concentration,Ba Error1s,Ba User Factor Slope,Ba User Factor Offset,W Compound,W Compound Level,W Compound Error,W Concentration,W Error1s,W User Factor Slope,W User Factor Offset,Au Compound,Au Compound Level,Au Compound Error,Au Concentration,Au Error1s,Au User Factor Slope,Au User Factor Offset,Hg Compound,Hg Compound Level,Hg Compound Error,Hg Concentration,Hg Error1s,Hg User Factor Slope,Hg User Factor Offset,Pb Compound,Pb Compound Level,Pb Compound Error,Pb Concentration,Pb Error1s,Pb User Factor Slope,Pb User Factor Offset,Bi Compound,Bi Compound Level,Bi Compound Error,Bi Concentration,Bi Error1s,Bi User Factor Slope,Bi User Factor Offset,Th Compound,Th Compound Level,Th Compound Error,Th Concentration,Th Error1s,Th User Factor Slope,Th User Factor Offset,U Compound,U Compound Level,U Compound Error,U Concentration,U Error1s,U User Factor Slope,U User Factor Offset,LE Compound,LE Compound Level,LE Compound Error,LE Concentration,LE Error1s,LE User Factor Slope,LE User Factor Offset,Sample ID,Project No.,Sample Type,Operator,Notes,Real Time 1,Real Time 2,
849957,1,2026-04-23,08:48:30,Geochem(3-Beam),,1,No,,,PPM,,,,<LOD,98376,1.00000,0.00000,,,,6917,588,1.00000,0.00000,,,,43170,335,1.00000,0.00000,,,,165,42,1.00000,0.00000,,,,702,39,1.00000,0.00000,,,,1721,54,1.00000,0.00000,,,,5818,38,1.00000,0.00000,,,,3840,124,1.00000,0.00000,,,,110,30,1.00000,0.00000,,,,<LOD,89,1.00000,0.00000,,,,333,16,1.00000,0.00000,,,,22095,110,1.00000,0.00000,,,,93,21,1.00000,0.00000,,,,39,4,1.00000,0.00000,,,,47,4,1.00000,0.00000,,,,142,4,1.00000,0.00000,,,,7,2,1.00000,0.00000,,,,<LOD,3,1.00000,0.00000,,,,39,1,1.00000,0.00000,,,,53,1,1.00000,0.00000,,,,25,1,1.00000,0.00000,,,,327,2,1.00000,0.00000,,,,14,1,1.00000,0.00000,,,,<LOD,8,1.00000,0.00000,,,,<LOD,0,1.00000,0.00000,,,,<LOD,40,1.00000,0.00000,,,,<LOD,48,1.00000,0.00000,,,,<LOD,66,1.00000,0.00000,,,,<LOD,1424,1.00000,0.00000,,,,41,7,1.00000,0.00000,,,,<LOD,8,1.00000,0.00000,,,,<LOD,17,1.00000,0.00000,,,,46,2,1.00000,0.00000,,,,<LOD,36,1.00000,0.00000,,,,<LOD,17,1.00000,0.00000,,,,<LOD,10,1.00000,0.00000,,,,914257,695,1.00000,0.00000,Sample 1,11,In Situ,CG,\,30,30,
849957,2,2026-04-23,08:50:18,Geochem(3-Beam),,2,No,,,PPM,,,,<LOD,94812,1.00000,0.00000,,,,7007,698,1.00000,0.00000,,,,54659,426,1.00000,0.00000,,,,<LOD,1480,1.00000,0.00000,,,,960,49,1.00000,0.00000,,,,2253,68,1.00000,0.00000,,,,6314,46,1.00000,0.00000,,,,5280,155,1.00000,0.00000,,,,<LOD,190,1.00000,0.00000,,,,<LOD,106,1.00000,0.00000,,,,479,21,1.00000,0.00000,,,,26519,144,1.00000,0.00000,,,,<LOD,146,1.00000,0.00000,,,,47,5,1.00000,0.00000,,,,60,5,1.00000,0.00000,,,,412,8,1.00000,0.00000,,,,20,2,1.00000,0.00000,,,,<LOD,4,1.00000,0.00000,,,,55,1,1.00000,0.00000,,,,83,1,1.00000,0.00000,,,,29,1,1.00000,0.00000,,,,320,3,1.00000,0.00000,,,,20,2,1.00000,0.00000,,,,<LOD,9,1.00000,0.00000,,,,<LOD,0,1.00000,0.00000,,,,<LOD,44,1.00000,0.00000,,,,<LOD,51,1.00000,0.00000,,,,<LOD,70,1.00000,0.00000,,,,<LOD,1768,1.00000,0.00000,,,,28,9,1.00000,0.00000,,,,<LOD,11,1.00000,0.00000,,,,<LOD,22,1.00000,0.00000,,,,58,3,1.00000,0.00000,,,,<LOD,43,1.00000,0.00000,,,,18,4,1.00000,0.00000,,,,<LOD,13,1.00000,0.00000,,,,895380,845,1.00000,0.00000,Sample 2,11,In Situ,CG,\,30,30,
849957,3,2026-04-23,08:51:44,Geochem(3-Beam),,3,No,,,PPM,,,,,,1.00000,0.00000,,,,,,1.00000,0.00000,,,,,,1.00000,0.00000,,,,,,1.00000,0.00000,,,,,,1.00000,0.00000,,,,,,1.00000,0.00000,,,,,,1.00000,0.00000,,,,3506,210,1.00000,0.00000,,,,<LOD,275,1.00000,0.00000,,,,<LOD,153,1.00000,0.00000,,,,231,25,1.00000,0.00000,,,,17530,168,1.00000,0.00000,,,,<LOD,193,1.00000,0.00000,,,,34,7,1.00000,0.00000,,,,55,7,1.00000,0.00000,,,,602,14,1.00000,0.00000,,,,<LOD,24,1.00000,0.00000,,,,<LOD,5,1.00000,0.00000,,,,31,2,1.00000,0.00000,,,,77,2,1.00000,0.00000,,,,24,2,1.00000,0.00000,,,,336,5,1.00000,0.00000,,,,12,2,1.00000,0.00000,,,,<LOD,14,1.00000,0.00000,,,,<LOD,0,1.00000,0.00000,,,,<LOD,71,1.00000,0.00000,,,,<LOD,83,1.00000,0.00000,,,,<LOD,114,1.00000,0.00000,,,,<LOD,2528,1.00000,0.00000,,,,<LOD,74,1.00000,0.00000,,,,<LOD,16,1.00000,0.00000,,,,<LOD,33,1.00000,0.00000,,,,150,6,1.00000,0.00000,,,,<LOD,66,1.00000,0.00000,,,,<LOD,31,1.00000,0.00000,,,,<LOD,20,1.00000,0.00000,,,,977412,281,1.00000,0.00000,Sample 3,11,In Situ,CG,\,6.96234,,
849957,4,2026-04-23,08:52:59,Geochem(3-Beam),,4,No,,,PPM,,,,<LOD,276922,1.00000,0.00000,,,,<LOD,34388,1.00000,0.00000,,,,32071,787,1.00000,0.00000,,,,<LOD,4223,1.00000,0.00000,,,,582,106,1.00000,0.00000,,,,2208,153,1.00000,0.00000,,,,6377,98,1.00000,0.00000,,,,4840,130,1.00000,0.00000,,,,127,31,1.00000,0.00000,,,,84,17,1.00000,0.00000,,,,566,19,1.00000,0.00000,,,,31807,151,1.00000,0.00000,,,,172,25,1.00000,0.00000,,,,59,5,1.00000,0.00000,,,,59,4,1.00000,0.00000,,,,177,5,1.00000,0.00000,,,,13,2,1.00000,0.00000,,,,<LOD,3,1.00000,0.00000,,,,64,1,1.00000,0.00000,,,,90,1,1.00000,0.00000,,,,38,1,1.00000,0.00000,,,,399,3,1.00000,0.00000,,,,20,1,1.00000,0.00000,,,,<LOD,8,1.00000,0.00000,,,,39,8,1.00000,0.00000,,,,<LOD,39,1.00000,0.00000,,,,<LOD,48,1.00000,0.00000,,,,<LOD,65,1.00000,0.00000,,,,<LOD,1623,1.00000,0.00000,,,,39,7,1.00000,0.00000,,,,<LOD,9,1.00000,0.00000,,,,<LOD,19,1.00000,0.00000,,,,47,2,1.00000,0.00000,,,,<LOD,37,1.00000,0.00000,,,,<LOD,17,1.00000,0.00000,,,,<LOD,11,1.00000,0.00000,,,,920121,832,1.00000,0.00000,Sample 4,11,In Situ,CG,\,30,3.52281,
849957,5,2026-04-23,08:54:07,Geochem(3-Beam),,5,No,,,PPM,,,,<LOD,148400,1.00000,0.00000,,,,7874,1053,1.00000,0.00000,,,,45256,608,1.00000,0.00000,,,,532,79,1.00000,0.00000,,,,808,69,1.00000,0.00000,,,,2835,99,1.00000,0.00000,,,,8078,73,1.00000,0.00000,,,,3785,104,1.00000,0.00000,,,,<LOD,128,1.00000,0.00000,,,,<LOD,77,1.00000,0.00000,,,,635,17,1.00000,0.00000,,,,27249,115,1.00000,0.00000,,,,121,20,1.00000,0.00000,,,,37,4,1.00000,0.00000,,,,86,4,1.00000,0.00000,,,,271,5,1.00000,0.00000,,,,18,2,1.00000,0.00000,,,,<LOD,2,1.00000,0.00000,,,,44,1,1.00000,0.00000,,,,75,1,1.00000,0.00000,,,,26,1,1.00000,0.00000,,,,263,2,1.00000,0.00000,,,,13,1,1.00000,0.00000,,,,<LOD,7,1.00000,0.00000,,,,<LOD,0,1.00000,0.00000,,,,<LOD,33,1.00000,0.00000,,,,<LOD,38,1.00000,0.00000,,,,<LOD,52,1.00000,0.00000,,,,<LOD,1213,1.00000,0.00000,,,,38,6,1.00000,0.00000,,,,<LOD,7,1.00000,0.00000,,,,<LOD,15,1.00000,0.00000,,,,91,2,1.00000,0.00000,,,,<LOD,32,1.00000,0.00000,,,,17,3,1.00000,0.00000,,,,<LOD,9,1.00000,0.00000,,,,901849,1160,1.00000,0.00000,Sample 5,11,In Situ,CG,\,30,6.06725,
849957,6,2026-04-23,08:55:07,Geochem(3-Beam),,6,No,,,PPM,,,,<LOD,192409,1.00000,0.00000,,,,12550,1234,1.00000,0.00000,,,,49416,667,1.00000,0.00000,,,,245,81,1.00000,0.00000,,,,802,76,1.00000,0.00000,,,,2562,109,1.00000,0.00000,,,,3029,56,1.00000,0.00000,,,,4460,119,1.00000,0.00000,,,,<LOD,145,1.00000,0.00000,,,,80,16,1.00000,0.00000,,,,432,16,1.00000,0.00000,,,,27516,127,1.00000,0.00000,,,,99,22,1.00000,0.00000,,,,40,4,1.00000,0.00000,,,,46,4,1.00000,0.00000,,,,354,6,1.00000,0.00000,,,,10,2,1.00000,0.00000,,,,<LOD,3,1.00000,0.00000,,,,61,1,1.00000,0.00000,,,,51,1,1.00000,0.00000,,,,18,1,1.00000,0.00000,,,,269,2,1.00000,0.00000,,,,14,1,1.00000,0.00000,,,,<LOD,7,1.00000,0.00000,,,,<LOD,0,1.00000,0.00000,,,,<LOD,37,1.00000,0.00000,,,,<LOD,43,1.00000,0.00000,,,,<LOD,59,1.00000,0.00000,,,,<LOD,1361,1.00000,0.00000,,,,28,7,1.00000,0.00000,,,,<LOD,8,1.00000,0.00000,,,,<LOD,17,1.00000,0.00000,,,,124,3,1.00000,0.00000,,,,<LOD,34,1.00000,0.00000,,,,<LOD,16,1.00000,0.00000,,,,<LOD,9,1.00000,0.00000,,,,897794,1332,1.00000,0.00000,Sample 6,11,In Situ,CG,\,30,6.08236,
849957,7,2026-04-23,08:56:07,Geochem(3-Beam),,7,No,,,PPM,,,,<LOD,107996,1.00000,0.00000,,,,12234,1248,1.00000,0.00000,,,,92182,900,1.00000,0.00000,,,,<LOD,1755,1.00000,0.00000,,,,897,80,1.00000,0.00000,,,,2155,116,1.00000,0.00000,,,,4260,67,1.00000,0.00000,,,,6199,138,1.00000,0.00000,,,,97,32,1.00000,0.00000,,,,57,17,1.00000,0.00000,,,,660,19,1.00000,0.00000,,,,20991,102,1.00000,0.00000,,,,99,19,1.00000,0.00000,,,,41,4,1.00000,0.00000,,,,39,3,1.00000,0.00000,,,,146,4,1.00000,0.00000,,,,10,3,1.00000,0.00000,,,,<LOD,3,1.00000,0.00000,,,,74,1,1.00000,0.00000,,,,77,1,1.00000,0.00000,,,,56,1,1.00000,0.00000,,,,690,4,1.00000,0.00000,,,,25,1,1.00000,0.00000,,,,<LOD,8,1.00000,0.00000,,,,51,7,1.00000,0.00000,,,,<LOD,37,1.00000,0.00000,,,,<LOD,44,1.00000,0.00000,,,,<LOD,60,1.00000,0.00000,,,,<LOD,1432,1.00000,0.00000,,,,30,6,1.00000,0.00000,,,,<LOD,9,1.00000,0.00000,,,,<LOD,17,1.00000,0.00000,,,,225,4,1.00000,0.00000,,,,<LOD,35,1.00000,0.00000,,,,15,3,1.00000,0.00000,,,,<LOD,10,1.00000,0.00000,,,,858689,1425,1.00000,0.00000,Sample 7,11,In Situ,CG,\,30,6.10531,
849957,8,2026-04-23,08:56:57,Geochem(3-Beam),,8,No,,,PPM,,,,76807,23569,1.00000,0.00000,,,,9629,2697,1.00000,0.00000,,,,51034,1967,1.00000,0.00000,,,,665,205,1.00000,0.00000,,,,2154,197,1.00000,0.00000,,,,2072,239,1.00000,0.00000,,,,18043,516,1.00000,0.00000,,,,4452,169,1.00000,0.00000,,,,<LOD,143,1.00000,0.00000,,,,<LOD,84,1.00000,0.00000,,,,454,21,1.00000,0.00000,,,,27488,716,1.00000,0.00000,,,,92,22,1.00000,0.00000,,,,43,4,1.00000,0.00000,,,,85,5,1.00000,0.00000,,,,383,12,1.00000,0.00000,,,,37,3,1.00000,0.00000,,,,<LOD,3,1.00000,0.00000,,,,60,2,1.00000,0.00000,,,,113,3,1.00000,0.00000,,,,25,1,1.00000,0.00000,,,,287,8,1.00000,0.00000,,,,16,1,1.00000,0.00000,,,,5,1,1.00000,0.00000,,,,<LOD,0,1.00000,0.00000,,,,<LOD,36,1.00000,0.00000,,,,<LOD,43,1.00000,0.00000,,,,<LOD,58,1.00000,0.00000,,,,<LOD,1372,1.00000,0.00000,,,,26,7,1.00000,0.00000,,,,<LOD,9,1.00000,0.00000,,,,<LOD,17,1.00000,0.00000,,,,225,7,1.00000,0.00000,,,,<LOD,35,1.00000,0.00000,,,,20,3,1.00000,0.00000,,,,<LOD,10,1.00000,0.00000,,,,805784,20735,1.00000,0.00000,Sample 8,11,In Situ,CG,\,30,1.15509,
849957,9,2026-04-23,08:58:44,Geochem(3-Beam),,9,No,,,PPM,,,,<LOD,119953,1.00000,0.00000,,,,3773,774,1.00000,0.00000,,,,6310,181,1.00000,0.00000,,,,2960,69,1.00000,0.00000,,,,2373,54,1.00000,0.00000,,,,6489,78,1.00000,0.00000,,,,14924,69,1.00000,0.00000,,,,<LOD,3766,1.00000,0.00000,,,,<LOD,64,1.00000,0.00000,,,,<LOD,58,1.00000,0.00000,,,,<LOD,8148,1.00000,0.00000,,,,1393,22,1.00000,0.00000,,,,<LOD,29,1.00000,0.00000,,,,<LOD,14,1.00000,0.00000,,,,16,3,1.00000,0.00000,,,,260,5,1.00000,0.00000,,,,<LOD,5,1.00000,0.00000,,,,<LOD,2,1.00000,0.00000,,,,10,1,1.00000,0.00000,,,,13,1,1.00000,0.00000,,,,17,1,1.00000,0.00000,,,,18,1,1.00000,0.00000,,,,20,1,1.00000,0.00000,,,,19,1,1.00000,0.00000,,,,<LOD,0,1.00000,0.00000,,,,<LOD,34,1.00000,0.00000,,,,<LOD,36,1.00000,0.00000,,,,<LOD,49,1.00000,0.00000,,,,<LOD,789,1.00000,0.00000,,,,20,5,1.00000,0.00000,,,,<LOD,7,1.00000,0.00000,,,,<LOD,15,1.00000,0.00000,,,,7,1,1.00000,0.00000,,,,<LOD,38,1.00000,0.00000,,,,68,3,1.00000,0.00000,,,,15,1,1.00000,0.00000,,,,961297,785,1.00000,0.00000,BF1,11,In Situ,CG,\,30,23.188,
849957,10,2026-04-23,09:02:33,Geochem(3-Beam),,10,No,,,PPM,,,,<LOD,760337,1.00000,0.00000,,,,<LOD,93999,1.00000,0.00000,,,,31554,1651,1.00000,0.00000,,,,<LOD,11307,1.00000,0.00000,,,,1621,255,1.00000,0.00000,,,,2086,345,1.00000,0.00000,,,,5247,201,1.00000,0.00000,,,,2969,109,1.00000,0.00000,,,,<LOD,131,1.00000,0.00000,,,,<LOD,85,1.00000,0.00000,,,,384,16,1.00000,0.00000,,,,20550,108,1.00000,0.00000,,,,<LOD,111,1.00000,0.00000,,,,24,4,1.00000,0.00000,,,,85,4,1.00000,0.00000,,,,425,7,1.00000,0.00000,,,,62,5,1.00000,0.00000,,,,<LOD,3,1.00000,0.00000,,,,31,1,1.00000,0.00000,,,,40,1,1.00000,0.00000,,,,12,1,1.00000,0.00000,,,,129,2,1.00000,0.00000,,,,12,1,1.00000,0.00000,,,,<LOD,7,1.00000,0.00000,,,,<LOD,0,1.00000,0.00000,,,,<LOD,37,1.00000,0.00000,,,,<LOD,42,1.00000,0.00000,,,,<LOD,57,1.00000,0.00000,,,,<LOD,1248,1.00000,0.00000,,,,32,7,1.00000,0.00000,,,,<LOD,10,1.00000,0.00000,,,,<LOD,19,1.00000,0.00000,,,,711,7,1.00000,0.00000,,,,<LOD,37,1.00000,0.00000,,,,20,3,1.00000,0.00000,,,,<LOD,10,1.00000,0.00000,,,,934006,1670,1.00000,0.00000,Sample 9,11,In Situ,CG,\,30,1.20136,
849957,11,2026-04-23,10:05:51,Geochem(3-Beam),,11,No,,,PPM,,,,<LOD,90970,1.00000,0.00000,,,,3440,477,1.00000,0.00000,,,,22308,216,1.00000,0.00000,,,,<LOD,1483,1.00000,0.00000,,,,540,31,1.00000,0.00000,,,,1944,45,1.00000,0.00000,,,,5132,31,1.00000,0.00000,,,,4291,112,1.00000,0.00000,,,,<LOD,138,1.00000,0.00000,,,,47,15,1.00000,0.00000,,,,689,18,1.00000,0.00000,,,,20319,94,1.00000,0.00000,,,,123,18,1.00000,0.00000,,,,30,4,1.00000,0.00000,,,,40,3,1.00000,0.00000,,,,147,4,1.00000,0.00000,,,,14,2,1.00000,0.00000,,,,<LOD,3,1.00000,0.00000,,,,56,1,1.00000,0.00000,,,,67,1,1.00000,0.00000,,,,61,1,1.00000,0.00000,,,,471,3,1.00000,0.00000,,,,19,1,1.00000,0.00000,,,,<LOD,7,1.00000,0.00000,,,,<LOD,0,1.00000,0.00000,,,,<LOD,35,1.00000,0.00000,,,,<LOD,41,1.00000,0.00000,,,,<LOD,55,1.00000,0.00000,,,,<LOD,1288,1.00000,0.00000,,,,25,6,1.00000,0.00000,,,,<LOD,8,1.00000,0.00000,,,,<LOD,16,1.00000,0.00000,,,,143,3,1.00000,0.00000,,,,<LOD,34,1.00000,0.00000,,,,17,3,1.00000,0.00000,,,,<LOD,10,1.00000,0.00000,,,,940080,543,1.00000,0.00000,Sample 10,11,In Situ,CG,\,30,30,
849957,12,2026-04-23,10:07:19,Geochem(3-Beam),,12,No,,,PPM,,,,<LOD,98827,1.00000,0.00000,,,,3366,464,1.00000,0.00000,,,,21262,211,1.00000,0.00000,,,,<LOD,1590,1.00000,0.00000,,,,509,30,1.00000,0.00000,,,,1906,44,1.00000,0.00000,,,,4174,27,1.00000,0.00000,,,,4371,109,1.00000,0.00000,,,,135,26,1.00000,0.00000,,,,130,16,1.00000,0.00000,,,,300,14,1.00000,0.00000,,,,28233,120,1.00000,0.00000,,,,156,21,1.00000,0.00000,,,,60,4,1.00000,0.00000,,,,54,4,1.00000,0.00000,,,,270,5,1.00000,0.00000,,,,10,2,1.00000,0.00000,,,,<LOD,3,1.00000,0.00000,,,,48,1,1.00000,0.00000,,,,70,1,1.00000,0.00000,,,,30,1,1.00000,0.00000,,,,435,3,1.00000,0.00000,,,,18,1,1.00000,0.00000,,,,<LOD,7,1.00000,0.00000,,,,<LOD,0,1.00000,0.00000,,,,<LOD,34,1.00000,0.00000,,,,<LOD,41,1.00000,0.00000,,,,<LOD,55,1.00000,0.00000,,,,<LOD,1314,1.00000,0.00000,,,,35,6,1.00000,0.00000,,,,<LOD,8,1.00000,0.00000,,,,<LOD,16,1.00000,0.00000,,,,110,3,1.00000,0.00000,,,,<LOD,33,1.00000,0.00000,,,,15,3,1.00000,0.00000,,,,5,1,1.00000,0.00000,,,,934300,538,1.00000,0.00000,Sample 11,11,In Situ,CG,\,30,30,
849957,13,2026-04-23,10:08:49,Geochem(3-Beam),,13,No,,,PPM,,,,<LOD,110143,1.00000,0.00000,,,,2136,541,1.00000,0.00000,,,,24510,250,1.00000,0.00000,,,,194,39,1.00000,0.00000,,,,654,37,1.00000,0.00000,,,,2258,53,1.00000,0.00000,,,,6577,39,1.00000,0.00000,,,,4840,127,1.00000,0.00000,,,,118,30,1.00000,0.00000,,,,<LOD,86,1.00000,0.00000,,,,321,15,1.00000,0.00000,,,,20745,105,1.00000,0.00000,,,,90,20,1.00000,0.00000,,,,35,4,1.00000,0.00000,,,,61,4,1.00000,0.00000,,,,293,6,1.00000,0.00000,,,,<LOD,13,1.00000,0.00000,,,,<LOD,3,1.00000,0.00000,,,,49,1,1.00000,0.00000,,,,82,1,1.00000,0.00000,,,,32,1,1.00000,0.00000,,,,538,3,1.00000,0.00000,,,,21,1,1.00000,0.00000,,,,<LOD,8,1.00000,0.00000,,,,<LOD,0,1.00000,0.00000,,,,<LOD,39,1.00000,0.00000,,,,<LOD,45,1.00000,0.00000,,,,<LOD,62,1.00000,0.00000,,,,<LOD,1373,1.00000,0.00000,,,,32,7,1.00000,0.00000,,,,<LOD,9,1.00000,0.00000,,,,<LOD,19,1.00000,0.00000,,,,145,3,1.00000,0.00000,,,,<LOD,38,1.00000,0.00000,,,,21,4,1.00000,0.00000,,,,<LOD,11,1.00000,0.00000,,,,936247,618,1.00000,0.00000,Sample 12,11,In Situ,CG,\,30,30,
849957,14,2026-04-23,10:10:45,Geochem(3-Beam),,14,No,,,PPM,,,,<LOD,112969,1.00000,0.00000,,,,2984,463,1.00000,0.00000,,,,24949,230,1.00000,0.00000,,,,194,33,1.00000,0.00000,,,,864,33,1.00000,0.00000,,,,2502,47,1.00000,0.00000,,,,6238,35,1.00000,0.00000,,,,3193,105,1.00000,0.00000,,,,89,25,1.00000,0.00000,,,,79,16,1.00000,0.00000,,,,266,13,1.00000,0.00000,,,,21543,100,1.00000,0.00000,,,,72,19,1.00000,0.00000,,,,29,4,1.00000,0.00000,,,,37,3,1.00000,0.00000,,,,860,9,1.00000,0.00000,,,,30,7,1.00000,0.00000,,,,<LOD,4,1.00000,0.00000,,,,38,1,1.00000,0.00000,,,,55,1,1.00000,0.00000,,,,24,1,1.00000,0.00000,,,,380,3,1.00000,0.00000,,,,14,1,1.00000,0.00000,,,,<LOD,7,1.00000,0.00000,,,,45,7,1.00000,0.00000,,,,32,8,1.00000,0.00000,,,,<LOD,41,1.00000,0.00000,,,,<LOD,56,1.00000,0.00000,,,,301,100,1.00000,0.00000,,,,44,8,1.00000,0.00000,,,,<LOD,12,1.00000,0.00000,,,,<LOD,20,1.00000,0.00000,,,,1663,10,1.00000,0.00000,,,,<LOD,36,1.00000,0.00000,,,,12,3,1.00000,0.00000,,,,<LOD,10,1.00000,0.00000,,,,933462,553,1.00000,0.00000,Sample 13,11,In Situ,CG,\,30,30,
849957,15,2026-04-23,10:12:40,Geochem(3-Beam),,15,No,,,PPM,,,,<LOD,105572,1.00000,0.00000,,,,4900,549,1.00000,0.00000,,,,34973,292,1.00000,0.00000,,,,225,39,1.00000,0.00000,,,,470,37,1.00000,0.00000,,,,2211,54,1.00000,0.00000,,,,4224,31,1.00000,0.00000,,,,5977,138,1.00000,0.00000,,,,160,33,1.00000,0.00000,,,,<LOD,87,1.00000,0.00000,,,,660,20,1.00000,0.00000,,,,19343,99,1.00000,0.00000,,,,90,19,1.00000,0.00000,,,,37,4,1.00000,0.00000,,,,41,4,1.00000,0.00000,,,,119,4,1.00000,0.00000,,,,10,3,1.00000,0.00000,,,,<LOD,3,1.00000,0.00000,,,,73,1,1.00000,0.00000,,,,74,1,1.00000,0.00000,,,,53,1,1.00000,0.00000,,,,656,4,1.00000,0.00000,,,,28,1,1.00000,0.00000,,,,<LOD,8,1.00000,0.00000,,,,46,7,1.00000,0.00000,,,,<LOD,38,1.00000,0.00000,,,,<LOD,45,1.00000,0.00000,,,,<LOD,62,1.00000,0.00000,,,,<LOD,1484,1.00000,0.00000,,,,35,7,1.00000,0.00000,,,,<LOD,9,1.00000,0.00000,,,,<LOD,18,1.00000,0.00000,,,,181,3,1.00000,0.00000,,,,<LOD,38,1.00000,0.00000,,,,24,4,1.00000,0.00000,,,,<LOD,11,1.00000,0.00000,,,,925390,645,1.00000,0.00000,Sample 14,11,In Situ,CG,\,30,30,
849957,16,2026-04-23,10:14:13,Geochem(3-Beam),,16,No,,,PPM,,,,<LOD,111335,1.00000,0.00000,,,,1874,451,1.00000,0.00000,,,,13542,178,1.00000,0.00000,,,,171,33,1.00000,0.00000,,,,957,32,1.00000,0.00000,,,,2059,44,1.00000,0.00000,,,,10315,47,1.00000,0.00000,,,,2988,101,1.00000,0.00000,,,,<LOD,128,1.00000,0.00000,,,,67,15,1.00000,0.00000,,,,343,14,1.00000,0.00000,,,,22120,101,1.00000,0.00000,,,,109,19,1.00000,0.00000,,,,41,4,1.00000,0.00000,,,,142,5,1.00000,0.00000,,,,839,9,1.00000,0.00000,,,,50,6,1.00000,0.00000,,,,<LOD,3,1.00000,0.00000,,,,31,1,1.00000,0.00000,,,,81,1,1.00000,0.00000,,,,20,1,1.00000,0.00000,,,,208,2,1.00000,0.00000,,,,12,1,1.00000,0.00000,,,,5,1,1.00000,0.00000,,,,<LOD,0,1.00000,0.00000,,,,<LOD,34,1.00000,0.00000,,,,<LOD,40,1.00000,0.00000,,,,<LOD,55,1.00000,0.00000,,,,<LOD,1245,1.00000,0.00000,,,,24,8,1.00000,0.00000,,,,<LOD,11,1.00000,0.00000,,,,<LOD,19,1.00000,0.00000,,,,905,7,1.00000,0.00000,,,,<LOD,35,1.00000,0.00000,,,,21,3,1.00000,0.00000,,,,<LOD,10,1.00000,0.00000,,,,943074,510,1.00000,0.00000,Sample 15,11,In Situ,CG,\,30,30,
849957,17,2026-04-23,10:15:59,Geochem(3-Beam),,17,No,,,PPM,,,,<LOD,123836,1.00000,0.00000,,,,3536,587,1.00000,0.00000,,,,21008,245,1.00000,0.00000,,,,<LOD,2042,1.00000,0.00000,,,,750,39,1.00000,0.00000,,,,2422,56,1.00000,0.00000,,,,5492,37,1.00000,0.00000,,,,4058,123,1.00000,0.00000,,,,<LOD,161,1.00000,0.00000,,,,<LOD,95,1.00000,0.00000,,,,572,19,1.00000,0.00000,,,,27434,135,1.00000,0.00000,,,,128,24,1.00000,0.00000,,,,46,5,1.00000,0.00000,,,,71,4,1.00000,0.00000,,,,312,6,1.00000,0.00000,,,,9,2,1.00000,0.00000,,,,<LOD,3,1.00000,0.00000,,,,68,1,1.00000,0.00000,,,,67,1,1.00000,0.00000,,,,28,1,1.00000,0.00000,,,,306,3,1.00000,0.00000,,,,19,1,1.00000,0.00000,,,,<LOD,8,1.00000,0.00000,,,,<LOD,0,1.00000,0.00000,,,,<LOD,40,1.00000,0.00000,,,,<LOD,48,1.00000,0.00000,,,,<LOD,65,1.00000,0.00000,,,,<LOD,1472,1.00000,0.00000,,,,39,8,1.00000,0.00000,,,,<LOD,9,1.00000,0.00000,,,,<LOD,20,1.00000,0.00000,,,,100,3,1.00000,0.00000,,,,<LOD,38,1.00000,0.00000,,,,12,4,1.00000,0.00000,,,,<LOD,11,1.00000,0.00000,,,,933523,661,1.00000,0.00000,Sample 16,11,In Situ,CG,\,30,30,
849957,18,2026-04-23,10:17:39,Geochem(3-Beam),,18,No,,,PPM,,,,<LOD,94371,1.00000,0.00000,,,,2027,467,1.00000,0.00000,,,,4420,112,1.00000,0.00000,,,,1037,36,1.00000,0.00000,,,,915,30,1.00000,0.00000,,,,7813,56,1.00000,0.00000,,,,10982,43,1.00000,0.00000,,,,<LOD,3278,1.00000,0.00000,,,,<LOD,52,1.00000,0.00000,,,,<LOD,43,1.00000,0.00000,,,,<LOD,7122,1.00000,0.00000,,,,233,9,1.00000,0.00000,,,,<LOD,14,1.00000,0.00000,,,,<LOD,10,1.00000,0.00000,,,,12,2,1.00000,0.00000,,,,121,3,1.00000,0.00000,,,,<LOD,4,1.00000,0.00000,,,,<LOD,2,1.00000,0.00000,,,,2,0,1.00000,0.00000,,,,10,0,1.00000,0.00000,,,,11,1,1.00000,0.00000,,,,13,1,1.00000,0.00000,,,,15,1,1.00000,0.00000,,,,14,1,1.00000,0.00000,,,,<LOD,0,1.00000,0.00000,,,,<LOD,28,1.00000,0.00000,,,,<LOD,30,1.00000,0.00000,,,,<LOD,41,1.00000,0.00000,,,,<LOD,616,1.00000,0.00000,,,,17,4,1.00000,0.00000,,,,<LOD,5,1.00000,0.00000,,,,<LOD,11,1.00000,0.00000,,,,4,1,1.00000,0.00000,,,,<LOD,31,1.00000,0.00000,,,,56,3,1.00000,0.00000,,,,11,1,1.00000,0.00000,,,,972287,479,1.00000,0.00000,BF 2,11,In Situ,CG,\,30,30,
849957,19,2026-04-23,10:21:24,Geochem(3-Beam),,19,No,,,PPM,,,,<LOD,54944,1.00000,0.00000,,,,3128,477,1.00000,0.00000,,,,18809,203,1.00000,0.00000,,,,175,36,1.00000,0.00000,,,,703,33,1.00000,0.00000,,,,7295,61,1.00000,0.00000,,,,24383,95,1.00000,0.00000,,,,8533,156,1.00000,0.00000,,,,127,36,1.00000,0.00000,,,,<LOD,87,1.00000,0.00000,,,,336,16,1.00000,0.00000,,,,23554,114,1.00000,0.00000,,,,84,21,1.00000,0.00000,,,,41,4,1.00000,0.00000,,,,55,4,1.00000,0.00000,,,,241,5,1.00000,0.00000,,,,10,2,1.00000,0.00000,,,,<LOD,3,1.00000,0.00000,,,,26,1,1.00000,0.00000,,,,106,1,1.00000,0.00000,,,,20,1,1.00000,0.00000,,,,198,2,1.00000,0.00000,,,,11,1,1.00000,0.00000,,,,<LOD,7,1.00000,0.00000,,,,<LOD,0,1.00000,0.00000,,,,<LOD,39,1.00000,0.00000,,,,<LOD,46,1.00000,0.00000,,,,<LOD,63,1.00000,0.00000,,,,<LOD,1551,1.00000,0.00000,,,,23,7,1.00000,0.00000,,,,<LOD,9,1.00000,0.00000,,,,<LOD,18,1.00000,0.00000,,,,43,2,1.00000,0.00000,,,,<LOD,36,1.00000,0.00000,,,,18,3,1.00000,0.00000,,,,<LOD,11,1.00000,0.00000,,,,912080,583,1.00000,0.00000,Sample 17,11,In Situ,CG,\,30,30,
849957,20,2026-04-23,10:23:33,Geochem(3-Beam),,20,No,,,PPM,,,,<LOD,82742,1.00000,0.00000,,,,4038,492,1.00000,0.00000,,,,22481,224,1.00000,0.00000,,,,136,34,1.00000,0.00000,,,,545,32,1.00000,0.00000,,,,2169,47,1.00000,0.00000,,,,6812,37,1.00000,0.00000,,,,5062,120,1.00000,0.00000,,,,142,29,1.00000,0.00000,,,,56,16,1.00000,0.00000,,,,602,18,1.00000,0.00000,,,,32406,141,1.00000,0.00000,,,,130,23,1.00000,0.00000,,,,56,5,1.00000,0.00000,,,,59,4,1.00000,0.00000,,,,179,5,1.00000,0.00000,,,,9,2,1.00000,0.00000,,,,<LOD,3,1.00000,0.00000,,,,63,1,1.00000,0.00000,,,,95,1,1.00000,0.00000,,,,40,1,1.00000,0.00000,,,,358,3,1.00000,0.00000,,,,19,1,1.00000,0.00000,,,,<LOD,7,1.00000,0.00000,,,,47,7,1.00000,0.00000,,,,<LOD,36,1.00000,0.00000,,,,<LOD,43,1.00000,0.00000,,,,<LOD,59,1.00000,0.00000,,,,<LOD,1488,1.00000,0.00000,,,,37,7,1.00000,0.00000,,,,<LOD,8,1.00000,0.00000,,,,<LOD,17,1.00000,0.00000,,,,53,2,1.00000,0.00000,,,,<LOD,34,1.00000,0.00000,,,,22,4,1.00000,0.00000,,,,<LOD,10,1.00000,0.00000,,,,924386,581,1.00000,0.00000,Sample 18,11,In Situ,CG,\,30,30,
849957,21,2026-04-23,10:25:20,Geochem(3-Beam),,21,No,,,PPM,,,,<LOD,96222,1.00000,0.00000,,,,2415,491,1.00000,0.00000,,,,20073,215,1.00000,0.00000,,,,188,35,1.00000,0.00000,,,,620,33,1.00000,0.00000,,,,2484,49,1.00000,0.00000,,,,7008,38,1.00000,0.00000,,,,4207,114,1.00000,0.00000,,,,104,27,1.00000,0.00000,,,,61,16,1.00000,0.00000,,,,262,14,1.00000,0.00000,,,,21058,100,1.00000,0.00000,,,,116,19,1.00000,0.00000,,,,29,4,1.00000,0.00000,,,,64,4,1.00000,0.00000,,,,319,6,1.00000,0.00000,,,,12,2,1.00000,0.00000,,,,<LOD,3,1.00000,0.00000,,,,44,1,1.00000,0.00000,,,,80,1,1.00000,0.00000,,,,31,1,1.00000,0.00000,,,,480,3,1.00000,0.00000,,,,19,1,1.00000,0.00000,,,,<LOD,8,1.00000,0.00000,,,,<LOD,0,1.00000,0.00000,,,,<LOD,37,1.00000,0.00000,,,,<LOD,43,1.00000,0.00000,,,,<LOD,58,1.00000,0.00000,,,,<LOD,1283,1.00000,0.00000,,,,31,6,1.00000,0.00000,,,,<LOD,8,1.00000,0.00000,,,,<LOD,17,1.00000,0.00000,,,,121,3,1.00000,0.00000,,,,<LOD,36,1.00000,0.00000,,,,23,3,1.00000,0.00000,,,,<LOD,10,1.00000,0.00000,,,,940151,559,1.00000,0.00000,Sample 19,11,In Situ,CG,\,30,30,
849957,1,2026-04-27,14:39:42,Geochem(3-Beam),,1,No,,,PPM,,,,<LOD,57071,1.00000,0.00000,,,,11699,509,1.00000,0.00000,,,,69985,373,1.00000,0.00000,,,,390,35,1.00000,0.00000,,,,903,33,1.00000,0.00000,,,,1543,44,1.00000,0.00000,,,,4947,30,1.00000,0.00000,,,,5033,119,1.00000,0.00000,,,,118,28,1.00000,0.00000,,,,<LOD,79,1.00000,0.00000,,,,329,14,1.00000,0.00000,,,,25998,109,1.00000,0.00000,,,,131,20,1.00000,0.00000,,,,35,4,1.00000,0.00000,,,,78,4,1.00000,0.00000,,,,425,6,1.00000,0.00000,,,,10,3,1.00000,0.00000,,,,<LOD,3,1.00000,0.00000,,,,63,1,1.00000,0.00000,,,,98,1,1.00000,0.00000,,,,31,1,1.00000,0.00000,,,,414,3,1.00000,0.00000,,,,19,1,1.00000,0.00000,,,,5,1,1.00000,0.00000,,,,<LOD,0,1.00000,0.00000,,,,<LOD,34,1.00000,0.00000,,,,<LOD,41,1.00000,0.00000,,,,<LOD,56,1.00000,0.00000,,,,<LOD,1344,1.00000,0.00000,,,,29,6,1.00000,0.00000,,,,<LOD,8,1.00000,0.00000,,,,<LOD,16,1.00000,0.00000,,,,267,4,1.00000,0.00000,,,,<LOD,33,1.00000,0.00000,,,,21,3,1.00000,0.00000,,,,<LOD,10,1.00000,0.00000,,,,877429,660,1.00000,0.00000,Sample 20,11,In Situ,CG,\,30,30,
849957,2,2026-04-27,14:43:25,Geochem(3-Beam),,2,No,,,PPM,,,,<LOD,67361,1.00000,0.00000,,,,7141,465,1.00000,0.00000,,,,50301,304,1.00000,0.00000,,,,270,33,1.00000,0.00000,,,,1312,32,1.00000,0.00000,,,,2111,43,1.00000,0.00000,,,,6200,32,1.00000,0.00000,,,,3130,98,1.00000,0.00000,,,,<LOD,110,1.00000,0.00000,,,,<LOD,68,1.00000,0.00000,,,,353,14,1.00000,0.00000,,,,19290,85,1.00000,0.00000,,,,75,17,1.00000,0.00000,,,,23,3,1.00000,0.00000,,,,77,3,1.00000,0.00000,,,,459,6,1.00000,0.00000,,,,35,4,1.00000,0.00000,,,,<LOD,3,1.00000,0.00000,,,,39,1,1.00000,0.00000,,,,62,1,1.00000,0.00000,,,,19,1,1.00000,0.00000,,,,229,2,1.00000,0.00000,,,,13,1,1.00000,0.00000,,,,<LOD,6,1.00000,0.00000,,,,<LOD,0,1.00000,0.00000,,,,<LOD,32,1.00000,0.00000,,,,<LOD,37,1.00000,0.00000,,,,<LOD,51,1.00000,0.00000,,,,<LOD,1089,1.00000,0.00000,,,,33,6,1.00000,0.00000,,,,<LOD,8,1.00000,0.00000,,,,<LOD,15,1.00000,0.00000,,,,636,5,1.00000,0.00000,,,,<LOD,32,1.00000,0.00000,,,,15,3,1.00000,0.00000,,,,<LOD,9,1.00000,0.00000,,,,908179,573,1.00000,0.00000,Sample 21,11,In Situ,CG,\,30,30,
849957,3,2026-04-27,14:45:16,Geochem(3-Beam),,3,No,,,PPM,,,,<LOD,83907,1.00000,0.00000,,,,4038,607,1.00000,0.00000,,,,31877,293,1.00000,0.00000,,,,320,46,1.00000,0.00000,,,,1450,43,1.00000,0.00000,,,,2016,56,1.00000,0.00000,,,,18294,78,1.00000,0.00000,,,,1418,101,1.00000,0.00000,,,,<LOD,109,1.00000,0.00000,,,,<LOD,72,1.00000,0.00000,,,,242,15,1.00000,0.00000,,,,11680,72,1.00000,0.00000,,,,<LOD,82,1.00000,0.00000,,,,14,4,1.00000,0.00000,,,,33,3,1.00000,0.00000,,,,110,4,1.00000,0.00000,,,,5,1,1.00000,0.00000,,,,<LOD,3,1.00000,0.00000,,,,15,1,1.00000,0.00000,,,,54,1,1.00000,0.00000,,,,16,1,1.00000,0.00000,,,,109,2,1.00000,0.00000,,,,17,1,1.00000,0.00000,,,,13,1,1.00000,0.00000,,,,<LOD,0,1.00000,0.00000,,,,<LOD,37,1.00000,0.00000,,,,<LOD,40,1.00000,0.00000,,,,<LOD,54,1.00000,0.00000,,,,<LOD,1160,1.00000,0.00000,,,,31,6,1.00000,0.00000,,,,<LOD,8,1.00000,0.00000,,,,<LOD,16,1.00000,0.00000,,,,27,2,1.00000,0.00000,,,,<LOD,40,1.00000,0.00000,,,,50,4,1.00000,0.00000,,,,10,2,1.00000,0.00000,,,,928161,681,1.00000,0.00000,Sample 22,11,In Situ,CG,\,30,30,
849957,4,2026-04-27,14:46:58,Geochem(3-Beam),,4,No,,,PPM,,,,<LOD,60022,1.00000,0.00000,,,,11998,480,1.00000,0.00000,,,,40072,266,1.00000,0.00000,,,,403,31,1.00000,0.00000,,,,966,29,1.00000,0.00000,,,,1533,39,1.00000,0.00000,,,,8300,37,1.00000,0.00000,,,,4376,105,1.00000,0.00000,,,,100,25,1.00000,0.00000,,,,49,14,1.00000,0.00000,,,,552,16,1.00000,0.00000,,,,30667,119,1.00000,0.00000,,,,142,21,1.00000,0.00000,,,,42,4,1.00000,0.00000,,,,78,4,1.00000,0.00000,,,,461,6,1.00000,0.00000,,,,14,3,1.00000,0.00000,,,,<LOD,2,1.00000,0.00000,,,,53,1,1.00000,0.00000,,,,69,1,1.00000,0.00000,,,,21,1,1.00000,0.00000,,,,199,2,1.00000,0.00000,,,,11,1,1.00000,0.00000,,,,<LOD,6,1.00000,0.00000,,,,<LOD,0,1.00000,0.00000,,,,<LOD,32,1.00000,0.00000,,,,<LOD,38,1.00000,0.00000,,,,<LOD,53,1.00000,0.00000,,,,<LOD,1260,1.00000,0.00000,,,,34,6,1.00000,0.00000,,,,<LOD,7,1.00000,0.00000,,,,<LOD,15,1.00000,0.00000,,,,267,4,1.00000,0.00000,,,,<LOD,30,1.00000,0.00000,,,,13,3,1.00000,0.00000,,,,<LOD,9,1.00000,0.00000,,,,899580,585,1.00000,0.00000,Sample 23,11,In Situ,CG,\,30,30,
849957,5,2026-04-27,14:49:41,Geochem(3-Beam),,5,No,,,PPM,,,,<LOD,43868,1.00000,0.00000,,,,12408,483,1.00000,0.00000,,,,62350,338,1.00000,0.00000,,,,499,35,1.00000,0.00000,,,,716,30,1.00000,0.00000,,,,1305,41,1.00000,0.00000,,,,13482,53,1.00000,0.00000,,,,4489,115,1.00000,0.00000,,,,90,27,1.00000,0.00000,,,,68,15,1.00000,0.00000,,,,729,18,1.00000,0.00000,,,,29131,117,1.00000,0.00000,,,,129,21,1.00000,0.00000,,,,83,5,1.00000,0.00000,,,,144,5,1.00000,0.00000,,,,318,5,1.00000,0.00000,,,,7,2,1.00000,0.00000,,,,<LOD,3,1.00000,0.00000,,,,76,1,1.00000,0.00000,,,,84,1,1.00000,0.00000,,,,30,1,1.00000,0.00000,,,,273,2,1.00000,0.00000,,,,18,1,1.00000,0.00000,,,,<LOD,7,1.00000,0.00000,,,,27,6,1.00000,0.00000,,,,<LOD,34,1.00000,0.00000,,,,<LOD,41,1.00000,0.00000,,,,<LOD,56,1.00000,0.00000,,,,453,106,1.00000,0.00000,,,,27,6,1.00000,0.00000,,,,<LOD,7,1.00000,0.00000,,,,<LOD,16,1.00000,0.00000,,,,88,2,1.00000,0.00000,,,,<LOD,31,1.00000,0.00000,,,,14,3,1.00000,0.00000,,,,<LOD,9,1.00000,0.00000,,,,872963,642,1.00000,0.00000,Sample 24,11,In Situ,CG,\,30,30,
849957,6,2026-04-27,14:51:13,Geochem(3-Beam),,6,No,,,PPM,,,,<LOD,42789,1.00000,0.00000,,,,11279,492,1.00000,0.00000,,,,65171,357,1.00000,0.00000,,,,1041,41,1.00000,0.00000,,,,2862,40,1.00000,0.00000,,,,1908,45,1.00000,0.00000,,,,19034,71,1.00000,0.00000,,,,4319,118,1.00000,0.00000,,,,<LOD,132,1.00000,0.00000,,,,<LOD,77,1.00000,0.00000,,,,586,18,1.00000,0.00000,,,,20705,95,1.00000,0.00000,,,,<LOD,100,1.00000,0.00000,,,,32,4,1.00000,0.00000,,,,95,4,1.00000,0.00000,,,,369,6,1.00000,0.00000,,,,32,5,1.00000,0.00000,,,,<LOD,3,1.00000,0.00000,,,,40,1,1.00000,0.00000,,,,82,1,1.00000,0.00000,,,,21,1,1.00000,0.00000,,,,322,2,1.00000,0.00000,,,,14,1,1.00000,0.00000,,,,<LOD,7,1.00000,0.00000,,,,<LOD,0,1.00000,0.00000,,,,<LOD,35,1.00000,0.00000,,,,<LOD,40,1.00000,0.00000,,,,<LOD,55,1.00000,0.00000,,,,<LOD,1240,1.00000,0.00000,,,,27,7,1.00000,0.00000,,,,<LOD,9,1.00000,0.00000,,,,<LOD,17,1.00000,0.00000,,,,581,6,1.00000,0.00000,,,,<LOD,34,1.00000,0.00000,,,,<LOD,15,1.00000,0.00000,,,,<LOD,10,1.00000,0.00000,,,,871480,652,1.00000,0.00000,Sample 25,11,In Situ,CG,\,30,30,
849957,7,2026-04-27,14:53:09,Geochem(3-Beam),,7,No,,,PPM,,,,<LOD,64316,1.00000,0.00000,,,,7941,455,1.00000,0.00000,,,,56016,323,1.00000,0.00000,,,,224,32,1.00000,0.00000,,,,1101,31,1.00000,0.00000,,,,1902,42,1.00000,0.00000,,,,4421,27,1.00000,0.00000,,,,4385,111,1.00000,0.00000,,,,79,26,1.00000,0.00000,,,,55,15,1.00000,0.00000,,,,427,15,1.00000,0.00000,,,,19564,86,1.00000,0.00000,,,,104,17,1.00000,0.00000,,,,38,4,1.00000,0.00000,,,,85,4,1.00000,0.00000,,,,687,7,1.00000,0.00000,,,,14,4,1.00000,0.00000,,,,<LOD,3,1.00000,0.00000,,,,41,1,1.00000,0.00000,,,,74,1,1.00000,0.00000,,,,27,1,1.00000,0.00000,,,,415,2,1.00000,0.00000,,,,14,1,1.00000,0.00000,,,,<LOD,7,1.00000,0.00000,,,,<LOD,0,1.00000,0.00000,,,,<LOD,34,1.00000,0.00000,,,,<LOD,41,1.00000,0.00000,,,,<LOD,55,1.00000,0.00000,,,,<LOD,1231,1.00000,0.00000,,,,29,7,1.00000,0.00000,,,,<LOD,8,1.00000,0.00000,,,,<LOD,17,1.00000,0.00000,,,,501,5,1.00000,0.00000,,,,<LOD,32,1.00000,0.00000,,,,<LOD,14,1.00000,0.00000,,,,<LOD,9,1.00000,0.00000,,,,901857,581,1.00000,0.00000,Sample 26,11,In Situ,CG,\,30,30,
849957,8,2026-04-27,14:54:55,Geochem(3-Beam),,8,No,,,PPM,,,,<LOD,47939,1.00000,0.00000,,,,11711,480,1.00000,0.00000,,,,87227,417,1.00000,0.00000,,,,371,35,1.00000,0.00000,,,,1020,33,1.00000,0.00000,,,,1564,45,1.00000,0.00000,,,,5208,31,1.00000,0.00000,,,,5457,125,1.00000,0.00000,,,,<LOD,143,1.00000,0.00000,,,,77,16,1.00000,0.00000,,,,488,16,1.00000,0.00000,,,,20298,91,1.00000,0.00000,,,,109,18,1.00000,0.00000,,,,44,4,1.00000,0.00000,,,,61,3,1.00000,0.00000,,,,885,9,1.00000,0.00000,,,,29,6,1.00000,0.00000,,,,<LOD,3,1.00000,0.00000,,,,57,1,1.00000,0.00000,,,,78,1,1.00000,0.00000,,,,38,1,1.00000,0.00000,,,,459,3,1.00000,0.00000,,,,22,1,1.00000,0.00000,,,,<LOD,7,1.00000,0.00000,,,,25,6,1.00000,0.00000,,,,26,7,1.00000,0.00000,,,,<LOD,41,1.00000,0.00000,,,,<LOD,56,1.00000,0.00000,,,,338,110,1.00000,0.00000,,,,36,8,1.00000,0.00000,,,,<LOD,10,1.00000,0.00000,,,,<LOD,19,1.00000,0.00000,,,,1099,8,1.00000,0.00000,,,,<LOD,35,1.00000,0.00000,,,,15,3,1.00000,0.00000,,,,<LOD,9,1.00000,0.00000,,,,863257,673,1.00000,0.00000,Sample 27,11,In Situ,CG,\,30,30,
849957,9,2026-04-27,14:56:57,Geochem(3-Beam),,9,No,,,PPM,,,,<LOD,98174,1.00000,0.00000,,,,4145,610,1.00000,0.00000,,,,15850,213,1.00000,0.00000,,,,338,42,1.00000,0.00000,,,,1312,40,1.00000,0.00000,,,,6193,64,1.00000,0.00000,,,,15096,64,1.00000,0.00000,,,,732,83,1.00000,0.00000,,,,<LOD,88,1.00000,0.00000,,,,<LOD,63,1.00000,0.00000,,,,255,14,1.00000,0.00000,,,,6964,51,1.00000,0.00000,,,,<LOD,59,1.00000,0.00000,,,,<LOD,15,1.00000,0.00000,,,,21,3,1.00000,0.00000,,,,71,3,1.00000,0.00000,,,,<LOD,7,1.00000,0.00000,,,,<LOD,3,1.00000,0.00000,,,,21,1,1.00000,0.00000,,,,41,1,1.00000,0.00000,,,,13,1,1.00000,0.00000,,,,35,1,1.00000,0.00000,,,,16,1,1.00000,0.00000,,,,15,1,1.00000,0.00000,,,,<LOD,0,1.00000,0.00000,,,,<LOD,35,1.00000,0.00000,,,,<LOD,38,1.00000,0.00000,,,,<LOD,51,1.00000,0.00000,,,,<LOD,874,1.00000,0.00000,,,,29,5,1.00000,0.00000,,,,<LOD,7,1.00000,0.00000,,,,<LOD,15,1.00000,0.00000,,,,21,2,1.00000,0.00000,,,,<LOD,37,1.00000,0.00000,,,,51,3,1.00000,0.00000,,,,11,1,1.00000,0.00000,,,,948771,647,1.00000,0.00000,Sample 28,11,In Situ,CG,\,30,30,
849957,10,2026-04-27,14:58:25,Geochem(3-Beam),,10,No,,,PPM,,,,<LOD,58778,1.00000,0.00000,,,,9211,481,1.00000,0.00000,,,,65942,365,1.00000,0.00000,,,,392,36,1.00000,0.00000,,,,1071,34,1.00000,0.00000,,,,1773,45,1.00000,0.00000,,,,5153,31,1.00000,0.00000,,,,4771,118,1.00000,0.00000,,,,<LOD,139,1.00000,0.00000,,,,<LOD,78,1.00000,0.00000,,,,295,14,1.00000,0.00000,,,,21524,96,1.00000,0.00000,,,,109,19,1.00000,0.00000,,,,35,4,1.00000,0.00000,,,,72,4,1.00000,0.00000,,,,443,6,1.00000,0.00000,,,,19,4,1.00000,0.00000,,,,<LOD,3,1.00000,0.00000,,,,44,1,1.00000,0.00000,,,,60,1,1.00000,0.00000,,,,27,1,1.00000,0.00000,,,,426,3,1.00000,0.00000,,,,18,1,1.00000,0.00000,,,,<LOD,7,1.00000,0.00000,,,,<LOD,0,1.00000,0.00000,,,,<LOD,35,1.00000,0.00000,,,,<LOD,42,1.00000,0.00000,,,,<LOD,57,1.00000,0.00000,,,,<LOD,1254,1.00000,0.00000,,,,24,7,1.00000,0.00000,,,,<LOD,9,1.00000,0.00000,,,,<LOD,16,1.00000,0.00000,,,,365,4,1.00000,0.00000,,,,<LOD,33,1.00000,0.00000,,,,<LOD,15,1.00000,0.00000,,,,<LOD,9,1.00000,0.00000,,,,888227,630,1.00000,0.00000,Sample 29,11,In Situ,CG,\,30,30,
849957,11,2026-04-27,14:59:45,Geochem(3-Beam),,11,No,,,PPM,,,,<LOD,56385,1.00000,0.00000,,,,8714,516,1.00000,0.00000,,,,68280,382,1.00000,0.00000,,,,773,41,1.00000,0.00000,,,,1292,37,1.00000,0.00000,,,,2104,49,1.00000,0.00000,,,,6341,36,1.00000,0.00000,,,,4724,125,1.00000,0.00000,,,,<LOD,146,1.00000,0.00000,,,,<LOD,82,1.00000,0.00000,,,,539,18,1.00000,0.00000,,,,21712,100,1.00000,0.00000,,,,105,20,1.00000,0.00000,,,,37,4,1.00000,0.00000,,,,44,3,1.00000,0.00000,,,,156,4,1.00000,0.00000,,,,8,2,1.00000,0.00000,,,,<LOD,3,1.00000,0.00000,,,,62,1,1.00000,0.00000,,,,83,1,1.00000,0.00000,,,,42,1,1.00000,0.00000,,,,430,3,1.00000,0.00000,,,,17,1,1.00000,0.00000,,,,<LOD,8,1.00000,0.00000,,,,<LOD,0,1.00000,0.00000,,,,<LOD,36,1.00000,0.00000,,,,<LOD,43,1.00000,0.00000,,,,<LOD,58,1.00000,0.00000,,,,<LOD,1374,1.00000,0.00000,,,,27,6,1.00000,0.00000,,,,<LOD,8,1.00000,0.00000,,,,<LOD,16,1.00000,0.00000,,,,79,2,1.00000,0.00000,,,,<LOD,35,1.00000,0.00000,,,,17,3,1.00000,0.00000,,,,<LOD,10,1.00000,0.00000,,,,884415,668,1.00000,0.00000,Sample 30,11,In Situ,CG,\,30,30,
849957,12,2026-04-27,15:01:33,Geochem(3-Beam),,12,No,,,PPM,,,,<LOD,78887,1.00000,0.00000,,,,13553,550,1.00000,0.00000,,,,45589,312,1.00000,0.00000,,,,522,37,1.00000,0.00000,,,,860,33,1.00000,0.00000,,,,1735,46,1.00000,0.00000,,,,3805,28,1.00000,0.00000,,,,4190,114,1.00000,0.00000,,,,95,27,1.00000,0.00000,,,,<LOD,85,1.00000,0.00000,,,,499,17,1.00000,0.00000,,,,33127,139,1.00000,0.00000,,,,85,23,1.00000,0.00000,,,,43,4,1.00000,0.00000,,,,71,4,1.00000,0.00000,,,,209,5,1.00000,0.00000,,,,13,3,1.00000,0.00000,,,,<LOD,3,1.00000,0.00000,,,,71,1,1.00000,0.00000,,,,58,1,1.00000,0.00000,,,,28,1,1.00000,0.00000,,,,225,2,1.00000,0.00000,,,,14,1,1.00000,0.00000,,,,<LOD,7,1.00000,0.00000,,,,<LOD,0,1.00000,0.00000,,,,<LOD,35,1.00000,0.00000,,,,<LOD,42,1.00000,0.00000,,,,<LOD,58,1.00000,0.00000,,,,<LOD,1425,1.00000,0.00000,,,,30,7,1.00000,0.00000,,,,<LOD,9,1.00000,0.00000,,,,<LOD,16,1.00000,0.00000,,,,238,4,1.00000,0.00000,,,,<LOD,33,1.00000,0.00000,,,,<LOD,15,1.00000,0.00000,,,,<LOD,10,1.00000,0.00000,,,,894942,669,1.00000,0.00000,Sample 31,11,In Situ,CG,\,30,30,
849957,13,2026-04-27,15:03:27,Geochem(3-Beam),,13,No,,,PPM,,,,<LOD,46654,1.00000,0.00000,,,,11456,473,1.00000,0.00000,,,,72457,369,1.00000,0.00000,,,,573,35,1.00000,0.00000,,,,895,31,1.00000,0.00000,,,,1480,42,1.00000,0.00000,,,,6391,34,1.00000,0.00000,,,,5260,120,1.00000,0.00000,,,,<LOD,142,1.00000,0.00000,,,,54,15,1.00000,0.00000,,,,740,19,1.00000,0.00000,,,,24949,104,1.00000,0.00000,,,,122,20,1.00000,0.00000,,,,37,4,1.00000,0.00000,,,,56,3,1.00000,0.00000,,,,149,4,1.00000,0.00000,,,,9,2,1.00000,0.00000,,,,<LOD,3,1.00000,0.00000,,,,62,1,1.00000,0.00000,,,,60,1,1.00000,0.00000,,,,41,1,1.00000,0.00000,,,,394,2,1.00000,0.00000,,,,20,1,1.00000,0.00000,,,,<LOD,7,1.00000,0.00000,,,,<LOD,0,1.00000,0.00000,,,,<LOD,34,1.00000,0.00000,,,,<LOD,41,1.00000,0.00000,,,,<LOD,56,1.00000,0.00000,,,,<LOD,1301,1.00000,0.00000,,,,<LOD,29,1.00000,0.00000,,,,<LOD,8,1.00000,0.00000,,,,<LOD,15,1.00000,0.00000,,,,56,2,1.00000,0.00000,,,,<LOD,31,1.00000,0.00000,,,,<LOD,15,1.00000,0.00000,,,,<LOD,9,1.00000,0.00000,,,,874742,633,1.00000,0.00000,Sample 32,11,In Situ,CG,\,30,30,
849957,14,2026-04-27,15:05:08,Geochem(3-Beam),,14,No,,,PPM,,,,<LOD,43983,1.00000,0.00000,,,,12527,510,1.00000,0.00000,,,,96893,461,1.00000,0.00000,,,,263,37,1.00000,0.00000,,,,785,34,1.00000,0.00000,,,,2110,49,1.00000,0.00000,,,,4611,31,1.00000,0.00000,,,,6234,137,1.00000,0.00000,,,,<LOD,159,1.00000,0.00000,,,,60,17,1.00000,0.00000,,,,650,19,1.00000,0.00000,,,,25867,114,1.00000,0.00000,,,,112,22,1.00000,0.00000,,,,33,4,1.00000,0.00000,,,,54,4,1.00000,0.00000,,,,174,4,1.00000,0.00000,,,,17,3,1.00000,0.00000,,,,<LOD,3,1.00000,0.00000,,,,76,1,1.00000,0.00000,,,,77,1,1.00000,0.00000,,,,54,1,1.00000,0.00000,,,,647,3,1.00000,0.00000,,,,25,1,1.00000,0.00000,,,,<LOD,8,1.00000,0.00000,,,,47,7,1.00000,0.00000,,,,<LOD,37,1.00000,0.00000,,,,<LOD,44,1.00000,0.00000,,,,<LOD,60,1.00000,0.00000,,,,<LOD,1453,1.00000,0.00000,,,,27,6,1.00000,0.00000,,,,<LOD,9,1.00000,0.00000,,,,<LOD,17,1.00000,0.00000,,,,169,3,1.00000,0.00000,,,,<LOD,35,1.00000,0.00000,,,,16,3,1.00000,0.00000,,,,<LOD,10,1.00000,0.00000,,,,848474,726,1.00000,0.00000,Sample 33,11,In Situ,CG,\,30,30,
849957,15,2026-04-27,15:07:03,Geochem(3-Beam),,15,No,,,PPM,,,,<LOD,42130,1.00000,0.00000,,,,7323,491,1.00000,0.00000,,,,61468,362,1.00000,0.00000,,,,2244,51,1.00000,0.00000,,,,1393,38,1.00000,0.00000,,,,3150,52,1.00000,0.00000,,,,20680,82,1.00000,0.00000,,,,6250,141,1.00000,0.00000,,,,<LOD,161,1.00000,0.00000,,,,63,17,1.00000,0.00000,,,,371,16,1.00000,0.00000,,,,23078,109,1.00000,0.00000,,,,103,21,1.00000,0.00000,,,,39,4,1.00000,0.00000,,,,123,5,1.00000,0.00000,,,,1739,14,1.00000,0.00000,,,,<LOD,35,1.00000,0.00000,,,,<LOD,4,1.00000,0.00000,,,,45,1,1.00000,0.00000,,,,126,2,1.00000,0.00000,,,,22,1,1.00000,0.00000,,,,407,3,1.00000,0.00000,,,,19,1,1.00000,0.00000,,,,<LOD,8,1.00000,0.00000,,,,22,7,1.00000,0.00000,,,,<LOD,36,1.00000,0.00000,,,,<LOD,43,1.00000,0.00000,,,,<LOD,58,1.00000,0.00000,,,,<LOD,1486,1.00000,0.00000,,,,<LOD,54,1.00000,0.00000,,,,<LOD,12,1.00000,0.00000,,,,<LOD,22,1.00000,0.00000,,,,1372,10,1.00000,0.00000,,,,<LOD,38,1.00000,0.00000,,,,16,4,1.00000,0.00000,,,,6,2,1.00000,0.00000,,,,869942,679,1.00000,0.00000,Sample 34,11,In Situ,CG,\,30,30,
849957,16,2026-04-27,15:09:03,Geochem(3-Beam),,16,No,,,PPM,,,,<LOD,98113,1.00000,0.00000,,,,2326,523,1.00000,0.00000,,,,25966,249,1.00000,0.00000,,,,<LOD,1547,1.00000,0.00000,,,,759,35,1.00000,0.00000,,,,2274,50,1.00000,0.00000,,,,6664,38,1.00000,0.00000,,,,4384,118,1.00000,0.00000,,,,87,28,1.00000,0.00000,,,,<LOD,86,1.00000,0.00000,,,,290,14,1.00000,0.00000,,,,22067,106,1.00000,0.00000,,,,112,20,1.00000,0.00000,,,,38,4,1.00000,0.00000,,,,126,5,1.00000,0.00000,,,,705,8,1.00000,0.00000,,,,22,5,1.00000,0.00000,,,,<LOD,3,1.00000,0.00000,,,,55,1,1.00000,0.00000,,,,101,1,1.00000,0.00000,,,,34,1,1.00000,0.00000,,,,480,3,1.00000,0.00000,,,,18,1,1.00000,0.00000,,,,<LOD,8,1.00000,0.00000,,,,<LOD,0,1.00000,0.00000,,,,<LOD,37,1.00000,0.00000,,,,<LOD,43,1.00000,0.00000,,,,<LOD,59,1.00000,0.00000,,,,<LOD,1356,1.00000,0.00000,,,,32,8,1.00000,0.00000,,,,<LOD,11,1.00000,0.00000,,,,<LOD,19,1.00000,0.00000,,,,680,6,1.00000,0.00000,,,,<LOD,37,1.00000,0.00000,,,,22,3,1.00000,0.00000,,,,<LOD,11,1.00000,0.00000,,,,932758,601,1.00000,0.00000,Sample 35,11,In Situ,CG,\,30,30,
849957,17,2026-04-27,15:10:54,Geochem(3-Beam),,17,No,,,PPM,,,,<LOD,91964,1.00000,0.00000,,,,4754,523,1.00000,0.00000,,,,30099,260,1.00000,0.00000,,,,144,35,1.00000,0.00000,,,,689,33,1.00000,0.00000,,,,1938,47,1.00000,0.00000,,,,4052,29,1.00000,0.00000,,,,4706,117,1.00000,0.00000,,,,89,27,1.00000,0.00000,,,,125,17,1.00000,0.00000,,,,751,20,1.00000,0.00000,,,,32322,140,1.00000,0.00000,,,,99,23,1.00000,0.00000,,,,48,4,1.00000,0.00000,,,,52,4,1.00000,0.00000,,,,173,4,1.00000,0.00000,,,,18,2,1.00000,0.00000,,,,<LOD,3,1.00000,0.00000,,,,75,1,1.00000,0.00000,,,,68,1,1.00000,0.00000,,,,33,1,1.00000,0.00000,,,,279,2,1.00000,0.00000,,,,20,1,1.00000,0.00000,,,,<LOD,7,1.00000,0.00000,,,,32,7,1.00000,0.00000,,,,<LOD,36,1.00000,0.00000,,,,<LOD,43,1.00000,0.00000,,,,<LOD,58,1.00000,0.00000,,,,<LOD,1411,1.00000,0.00000,,,,30,6,1.00000,0.00000,,,,<LOD,8,1.00000,0.00000,,,,<LOD,17,1.00000,0.00000,,,,84,3,1.00000,0.00000,,,,<LOD,34,1.00000,0.00000,,,,16,3,1.00000,0.00000,,,,<LOD,10,1.00000,0.00000,,,,919305,617,1.00000,0.00000,Sample 36,11,In Situ,CG,\,30,30,
849957,18,2026-04-27,15:12:19,Geochem(3-Beam),,18,No,,,PPM,,,,<LOD,74061,1.00000,0.00000,,,,8271,499,1.00000,0.00000,,,,56205,341,1.00000,0.00000,,,,455,37,1.00000,0.00000,,,,735,33,1.00000,0.00000,,,,1980,47,1.00000,0.00000,,,,2384,23,1.00000,0.00000,,,,3999,114,1.00000,0.00000,,,,<LOD,128,1.00000,0.00000,,,,<LOD,76,1.00000,0.00000,,,,372,15,1.00000,0.00000,,,,19458,90,1.00000,0.00000,,,,89,18,1.00000,0.00000,,,,34,4,1.00000,0.00000,,,,30,3,1.00000,0.00000,,,,83,3,1.00000,0.00000,,,,6,1,1.00000,0.00000,,,,<LOD,3,1.00000,0.00000,,,,43,1,1.00000,0.00000,,,,42,1,1.00000,0.00000,,,,32,1,1.00000,0.00000,,,,306,2,1.00000,0.00000,,,,16,1,1.00000,0.00000,,,,<LOD,7,1.00000,0.00000,,,,<LOD,0,1.00000,0.00000,,,,<LOD,36,1.00000,0.00000,,,,<LOD,42,1.00000,0.00000,,,,<LOD,58,1.00000,0.00000,,,,<LOD,1249,1.00000,0.00000,,,,25,5,1.00000,0.00000,,,,<LOD,8,1.00000,0.00000,,,,<LOD,15,1.00000,0.00000,,,,28,2,1.00000,0.00000,,,,<LOD,33,1.00000,0.00000,,,,11,3,1.00000,0.00000,,,,<LOD,9,1.00000,0.00000,,,,905395,620,1.00000,0.00000,Sample 37,11,In Situ,CG,\,30,30,
849957,19,2026-04-27,15:13:45,Geochem(3-Beam),,19,No,,,PPM,,,,<LOD,50936,1.00000,0.00000,,,,8886,489,1.00000,0.00000,,,,74929,399,1.00000,0.00000,,,,415,38,1.00000,0.00000,,,,923,35,1.00000,0.00000,,,,2389,49,1.00000,0.00000,,,,7475,39,1.00000,0.00000,,,,5777,133,1.00000,0.00000,,,,<LOD,156,1.00000,0.00000,,,,76,17,1.00000,0.00000,,,,315,15,1.00000,0.00000,,,,22850,104,1.00000,0.00000,,,,96,20,1.00000,0.00000,,,,35,4,1.00000,0.00000,,,,66,4,1.00000,0.00000,,,,414,6,1.00000,0.00000,,,,9,3,1.00000,0.00000,,,,<LOD,3,1.00000,0.00000,,,,49,1,1.00000,0.00000,,,,82,1,1.00000,0.00000,,,,33,1,1.00000,0.00000,,,,527,3,1.00000,0.00000,,,,20,1,1.00000,0.00000,,,,<LOD,8,1.00000,0.00000,,,,<LOD,0,1.00000,0.00000,,,,<LOD,36,1.00000,0.00000,,,,<LOD,42,1.00000,0.00000,,,,<LOD,56,1.00000,0.00000,,,,<LOD,1422,1.00000,0.00000,,,,23,7,1.00000,0.00000,,,,<LOD,9,1.00000,0.00000,,,,<LOD,17,1.00000,0.00000,,,,174,3,1.00000,0.00000,,,,<LOD,35,1.00000,0.00000,,,,18,3,1.00000,0.00000,,,,<LOD,10,1.00000,0.00000,,,,874420,669,1.00000,0.00000,Sample 38,11,In Situ,CG,\,30,30,
849957,20,2026-04-27,15:15:38,Geochem(3-Beam),,20,No,,,PPM,,,,<LOD,53575,1.00000,0.00000,,,,12863,494,1.00000,0.00000,,,,54325,320,1.00000,0.00000,,,,364,33,1.00000,0.00000,,,,935,31,1.00000,0.00000,,,,2750,45,1.00000,0.00000,,,,7539,37,1.00000,0.00000,,,,4043,109,1.00000,0.00000,,,,<LOD,133,1.00000,0.00000,,,,<LOD,78,1.00000,0.00000,,,,439,15,1.00000,0.00000,,,,27486,114,1.00000,0.00000,,,,115,21,1.00000,0.00000,,,,36,4,1.00000,0.00000,,,,77,4,1.00000,0.00000,,,,354,6,1.00000,0.00000,,,,23,4,1.00000,0.00000,,,,<LOD,3,1.00000,0.00000,,,,66,1,1.00000,0.00000,,,,67,1,1.00000,0.00000,,,,24,1,1.00000,0.00000,,,,287,2,1.00000,0.00000,,,,17,1,1.00000,0.00000,,,,<LOD,7,1.00000,0.00000,,,,<LOD,0,1.00000,0.00000,,,,<LOD,34,1.00000,0.00000,,,,<LOD,40,1.00000,0.00000,,,,<LOD,55,1.00000,0.00000,,,,<LOD,1260,1.00000,0.00000,,,,26,7,1.00000,0.00000,,,,<LOD,9,1.00000,0.00000,,,,<LOD,16,1.00000,0.00000,,,,460,5,1.00000,0.00000,,,,<LOD,32,1.00000,0.00000,,,,<LOD,15,1.00000,0.00000,,,,<LOD,9,1.00000,0.00000,,,,887705,625,1.00000,0.00000,Sample 39,11,In Situ,CG,\,30,30,
849957,21,2026-04-27,15:17:33,Geochem(3-Beam),,21,No,,,PPM,,,,<LOD,56105,1.00000,0.00000,,,,9584,491,1.00000,0.00000,,,,72889,385,1.00000,0.00000,,,,401,37,1.00000,0.00000,,,,817,34,1.00000,0.00000,,,,1846,47,1.00000,0.00000,,,,4149,29,1.00000,0.00000,,,,4661,120,1.00000,0.00000,,,,108,28,1.00000,0.00000,,,,<LOD,74,1.00000,0.00000,,,,329,15,1.00000,0.00000,,,,18223,86,1.00000,0.00000,,,,65,18,1.00000,0.00000,,,,23,3,1.00000,0.00000,,,,28,3,1.00000,0.00000,,,,101,3,1.00000,0.00000,,,,9,2,1.00000,0.00000,,,,<LOD,3,1.00000,0.00000,,,,45,1,1.00000,0.00000,,,,84,1,1.00000,0.00000,,,,34,1,1.00000,0.00000,,,,473,3,1.00000,0.00000,,,,17,1,1.00000,0.00000,,,,<LOD,7,1.00000,0.00000,,,,<LOD,0,1.00000,0.00000,,,,<LOD,35,1.00000,0.00000,,,,<LOD,41,1.00000,0.00000,,,,<LOD,56,1.00000,0.00000,,,,<LOD,1217,1.00000,0.00000,,,,27,5,1.00000,0.00000,,,,<LOD,7,1.00000,0.00000,,,,<LOD,16,1.00000,0.00000,,,,55,2,1.00000,0.00000,,,,<LOD,34,1.00000,0.00000,,,,14,3,1.00000,0.00000,,,,<LOD,10,1.00000,0.00000,,,,886018,644,1.00000,0.00000,Sample 40,11,In Situ,CG,\,30,30,
849957,22,2026-04-27,15:19:23,Geochem(3-Beam),,22,No,,,PPM,,,,<LOD,35244,1.00000,0.00000,,,,11767,456,1.00000,0.00000,,,,108620,461,1.00000,0.00000,,,,601,36,1.00000,0.00000,,,,1012,32,1.00000,0.00000,,,,2124,45,1.00000,0.00000,,,,6415,34,1.00000,0.00000,,,,6384,131,1.00000,0.00000,,,,<LOD,148,1.00000,0.00000,,,,107,17,1.00000,0.00000,,,,265,14,1.00000,0.00000,,,,28375,115,1.00000,0.00000,,,,74,21,1.00000,0.00000,,,,20,4,1.00000,0.00000,,,,41,3,1.00000,0.00000,,,,156,4,1.00000,0.00000,,,,12,2,1.00000,0.00000,,,,<LOD,3,1.00000,0.00000,,,,50,1,1.00000,0.00000,,,,49,1,1.00000,0.00000,,,,20,1,1.00000,0.00000,,,,504,3,1.00000,0.00000,,,,16,1,1.00000,0.00000,,,,<LOD,7,1.00000,0.00000,,,,46,6,1.00000,0.00000,,,,28,7,1.00000,0.00000,,,,<LOD,42,1.00000,0.00000,,,,<LOD,58,1.00000,0.00000,,,,<LOD,1327,1.00000,0.00000,,,,30,6,1.00000,0.00000,,,,<LOD,7,1.00000,0.00000,,,,<LOD,15,1.00000,0.00000,,,,62,2,1.00000,0.00000,,,,<LOD,32,1.00000,0.00000,,,,<LOD,15,1.00000,0.00000,,,,<LOD,9,1.00000,0.00000,,,,833224,696,1.00000,0.00000,Sample 41,11,In Situ,CG,\,30,30,
849957,23,2026-04-27,15:21:05,Geochem(3-Beam),,23,No,,,PPM,,,,<LOD,92811,1.00000,0.00000,,,,10373,699,1.00000,0.00000,,,,54117,415,1.00000,0.00000,,,,815,55,1.00000,0.00000,,,,2124,53,1.00000,0.00000,,,,3864,72,1.00000,0.00000,,,,6998,48,1.00000,0.00000,,,,5944,160,1.00000,0.00000,,,,120,38,1.00000,0.00000,,,,<LOD,110,1.00000,0.00000,,,,502,21,1.00000,0.00000,,,,28633,153,1.00000,0.00000,,,,89,27,1.00000,0.00000,,,,50,5,1.00000,0.00000,,,,69,5,1.00000,0.00000,,,,480,9,1.00000,0.00000,,,,46,6,1.00000,0.00000,,,,<LOD,4,1.00000,0.00000,,,,69,2,1.00000,0.00000,,,,72,1,1.00000,0.00000,,,,24,2,1.00000,0.00000,,,,308,3,1.00000,0.00000,,,,23,2,1.00000,0.00000,,,,7,2,1.00000,0.00000,,,,<LOD,0,1.00000,0.00000,,,,<LOD,42,1.00000,0.00000,,,,<LOD,49,1.00000,0.00000,,,,<LOD,65,1.00000,0.00000,,,,<LOD,1810,1.00000,0.00000,,,,30,10,1.00000,0.00000,,,,<LOD,13,1.00000,0.00000,,,,<LOD,24,1.00000,0.00000,,,,642,8,1.00000,0.00000,,,,<LOD,45,1.00000,0.00000,,,,44,4,1.00000,0.00000,,,,<LOD,13,1.00000,0.00000,,,,884558,861,1.00000,0.00000,Sample 42,11,In Situ,CG,\,30,30,
849957,24,2026-04-27,15:23:41,Geochem(3-Beam),,24,No,,,PPM,,,,<LOD,59425,1.00000,0.00000,,,,14268,500,1.00000,0.00000,,,,56969,336,1.00000,0.00000,,,,368,34,1.00000,0.00000,,,,630,30,1.00000,0.00000,,,,1796,44,1.00000,0.00000,,,,5947,33,1.00000,0.00000,,,,6026,126,1.00000,0.00000,,,,<LOD,163,1.00000,0.00000,,,,98,16,1.00000,0.00000,,,,688,19,1.00000,0.00000,,,,40184,159,1.00000,0.00000,,,,109,25,1.00000,0.00000,,,,63,5,1.00000,0.00000,,,,66,4,1.00000,0.00000,,,,130,4,1.00000,0.00000,,,,10,2,1.00000,0.00000,,,,<LOD,3,1.00000,0.00000,,,,61,1,1.00000,0.00000,,,,136,2,1.00000,0.00000,,,,36,1,1.00000,0.00000,,,,279,2,1.00000,0.00000,,,,19,1,1.00000,0.00000,,,,<LOD,7,1.00000,0.00000,,,,54,7,1.00000,0.00000,,,,<LOD,35,1.00000,0.00000,,,,<LOD,42,1.00000,0.00000,,,,<LOD,57,1.00000,0.00000,,,,480,110,1.00000,0.00000,,,,29,6,1.00000,0.00000,,,,<LOD,8,1.00000,0.00000,,,,<LOD,16,1.00000,0.00000,,,,54,2,1.00000,0.00000,,,,<LOD,32,1.00000,0.00000,,,,12,3,1.00000,0.00000,,,,<LOD,10,1.00000,0.00000,,,,871488,674,1.00000,0.00000,Sample 43,11,In Situ,CG,\,30,30,
849957,25,2026-04-27,15:28:35,Geochem(3-Beam),,25,No,,,PPM,,,,<LOD,52768,1.00000,0.00000,,,,7731,443,1.00000,0.00000,,,,60506,333,1.00000,0.00000,,,,387,33,1.00000,0.00000,,,,1025,31,1.00000,0.00000,,,,1830,42,1.00000,0.00000,,,,6098,32,1.00000,0.00000,,,,4954,117,1.00000,0.00000,,,,<LOD,136,1.00000,0.00000,,,,69,15,1.00000,0.00000,,,,409,15,1.00000,0.00000,,,,21299,93,1.00000,0.00000,,,,153,18,1.00000,0.00000,,,,36,4,1.00000,0.00000,,,,53,3,1.00000,0.00000,,,,473,6,1.00000,0.00000,,,,46,5,1.00000,0.00000,,,,<LOD,3,1.00000,0.00000,,,,55,1,1.00000,0.00000,,,,69,1,1.00000,0.00000,,,,30,1,1.00000,0.00000,,,,433,3,1.00000,0.00000,,,,16,1,1.00000,0.00000,,,,<LOD,7,1.00000,0.00000,,,,<LOD,0,1.00000,0.00000,,,,<LOD,33,1.00000,0.00000,,,,<LOD,40,1.00000,0.00000,,,,<LOD,54,1.00000,0.00000,,,,358,104,1.00000,0.00000,,,,<LOD,36,1.00000,0.00000,,,,<LOD,10,1.00000,0.00000,,,,<LOD,17,1.00000,0.00000,,,,910,7,1.00000,0.00000,,,,<LOD,33,1.00000,0.00000,,,,15,3,1.00000,0.00000,,,,<LOD,9,1.00000,0.00000,,,,893044,593,1.00000,0.00000,Sample 44,11,In Situ,CG,\,30,30,
849957,26,2026-04-27,15:30:56,Geochem(3-Beam),,26,No,,,PPM,,,,<LOD,48706,1.00000,0.00000,,,,10383,447,1.00000,0.00000,,,,71757,359,1.00000,0.00000,,,,583,35,1.00000,0.00000,,,,710,30,1.00000,0.00000,,,,1874,43,1.00000,0.00000,,,,10224,44,1.00000,0.00000,,,,5144,121,1.00000,0.00000,,,,<LOD,135,1.00000,0.00000,,,,<LOD,73,1.00000,0.00000,,,,317,14,1.00000,0.00000,,,,18121,82,1.00000,0.00000,,,,79,17,1.00000,0.00000,,,,31,3,1.00000,0.00000,,,,55,3,1.00000,0.00000,,,,356,5,1.00000,0.00000,,,,9,2,1.00000,0.00000,,,,<LOD,2,1.00000,0.00000,,,,45,1,1.00000,0.00000,,,,111,1,1.00000,0.00000,,,,28,1,1.00000,0.00000,,,,462,3,1.00000,0.00000,,,,16,1,1.00000,0.00000,,,,<LOD,7,1.00000,0.00000,,,,<LOD,0,1.00000,0.00000,,,,<LOD,34,1.00000,0.00000,,,,<LOD,40,1.00000,0.00000,,,,<LOD,55,1.00000,0.00000,,,,<LOD,1243,1.00000,0.00000,,,,20,6,1.00000,0.00000,,,,<LOD,8,1.00000,0.00000,,,,<LOD,15,1.00000,0.00000,,,,138,3,1.00000,0.00000,,,,<LOD,33,1.00000,0.00000,,,,13,3,1.00000,0.00000,,,,<LOD,9,1.00000,0.00000,,,,879527,604,1.00000,0.00000,Sample 45,11,In Situ,CG,\,30,30,
849957,27,2026-04-27,15:32:32,Geochem(3-Beam),,27,No,,,PPM,,,,<LOD,31012,1.00000,0.00000,,,,6725,449,1.00000,0.00000,,,,52748,315,1.00000,0.00000,,,,228,36,1.00000,0.00000,,,,1627,35,1.00000,0.00000,,,,15948,82,1.00000,0.00000,,,,34159,119,1.00000,0.00000,,,,4224,127,1.00000,0.00000,,,,<LOD,144,1.00000,0.00000,,,,124,19,1.00000,0.00000,,,,354,16,1.00000,0.00000,,,,22628,106,1.00000,0.00000,,,,86,21,1.00000,0.00000,,,,34,4,1.00000,0.00000,,,,56,4,1.00000,0.00000,,,,247,5,1.00000,0.00000,,,,<LOD,9,1.00000,0.00000,,,,<LOD,3,1.00000,0.00000,,,,25,1,1.00000,0.00000,,,,123,1,1.00000,0.00000,,,,17,1,1.00000,0.00000,,,,247,2,1.00000,0.00000,,,,10,1,1.00000,0.00000,,,,<LOD,7,1.00000,0.00000,,,,44,7,1.00000,0.00000,,,,<LOD,39,1.00000,0.00000,,,,<LOD,46,1.00000,0.00000,,,,<LOD,63,1.00000,0.00000,,,,<LOD,1365,1.00000,0.00000,,,,31,6,1.00000,0.00000,,,,<LOD,8,1.00000,0.00000,,,,<LOD,17,1.00000,0.00000,,,,51,2,1.00000,0.00000,,,,<LOD,35,1.00000,0.00000,,,,<LOD,16,1.00000,0.00000,,,,<LOD,10,1.00000,0.00000,,,,860264,643,1.00000,0.00000,Sample 46,11,In Situ,CG,\,30,30,
849957,28,2026-04-27,15:34:10,Geochem(3-Beam),,28,No,,,PPM,,,,<LOD,36795,1.00000,0.00000,,,,9496,408,1.00000,0.00000,,,,40496,264,1.00000,0.00000,,,,1205,36,1.00000,0.00000,,,,3123,36,1.00000,0.00000,,,,1875,39,1.00000,0.00000,,,,19479,77,1.00000,0.00000,,,,4163,104,1.00000,0.00000,,,,110,24,1.00000,0.00000,,,,329,18,1.00000,0.00000,,,,788,19,1.00000,0.00000,,,,56239,218,1.00000,0.00000,,,,345,29,1.00000,0.00000,,,,315,8,1.00000,0.00000,,,,6106,34,1.00000,0.00000,,,,4923,27,1.00000,0.00000,,,,216,14,1.00000,0.00000,,,,12,1,1.00000,0.00000,,,,40,1,1.00000,0.00000,,,,139,2,1.00000,0.00000,,,,6,2,1.00000,0.00000,,,,164,2,1.00000,0.00000,,,,17,1,1.00000,0.00000,,,,82,2,1.00000,0.00000,,,,90,7,1.00000,0.00000,,,,83,9,1.00000,0.00000,,,,273,10,1.00000,0.00000,,,,67,14,1.00000,0.00000,,,,543,96,1.00000,0.00000,,,,<LOD,63,1.00000,0.00000,,,,<LOD,14,1.00000,0.00000,,,,29,5,1.00000,0.00000,,,,4789,24,1.00000,0.00000,,,,<LOD,32,1.00000,0.00000,,,,13,4,1.00000,0.00000,,,,<LOD,8,1.00000,0.00000,,,,844448,680,1.00000,0.00000,Sample 47,11,In Situ,CG,\,30,30,
849957,29,2026-04-27,15:36:05,Geochem(3-Beam),,29,No,,,PPM,,,,<LOD,49139,1.00000,0.00000,,,,8633,448,1.00000,0.00000,,,,58935,333,1.00000,0.00000,,,,480,35,1.00000,0.00000,,,,882,32,1.00000,0.00000,,,,1529,42,1.00000,0.00000,,,,11103,47,1.00000,0.00000,,,,4832,117,1.00000,0.00000,,,,<LOD,137,1.00000,0.00000,,,,<LOD,76,1.00000,0.00000,,,,377,15,1.00000,0.00000,,,,21740,96,1.00000,0.00000,,,,161,19,1.00000,0.00000,,,,28,4,1.00000,0.00000,,,,88,4,1.00000,0.00000,,,,521,7,1.00000,0.00000,,,,27,4,1.00000,0.00000,,,,<LOD,3,1.00000,0.00000,,,,40,1,1.00000,0.00000,,,,101,1,1.00000,0.00000,,,,27,1,1.00000,0.00000,,,,403,2,1.00000,0.00000,,,,18,1,1.00000,0.00000,,,,<LOD,7,1.00000,0.00000,,,,<LOD,0,1.00000,0.00000,,,,<LOD,35,1.00000,0.00000,,,,<LOD,41,1.00000,0.00000,,,,<LOD,57,1.00000,0.00000,,,,<LOD,1221,1.00000,0.00000,,,,34,7,1.00000,0.00000,,,,<LOD,9,1.00000,0.00000,,,,<LOD,17,1.00000,0.00000,,,,443,5,1.00000,0.00000,,,,<LOD,33,1.00000,0.00000,,,,11,3,1.00000,0.00000,,,,<LOD,10,1.00000,0.00000,,,,889586,596,1.00000,0.00000,Sample 48,11,In Situ,CG,\,30,30,
849957,30,2026-04-27,15:37:35,Geochem(3-Beam),,30,No,,,PPM,,,,<LOD,60566,1.00000,0.00000,,,,9411,480,1.00000,0.00000,,,,63063,353,1.00000,0.00000,,,,295,35,1.00000,0.00000,,,,735,32,1.00000,0.00000,,,,1793,45,1.00000,0.00000,,,,7330,37,1.00000,0.00000,,,,5192,124,1.00000,0.00000,,,,<LOD,145,1.00000,0.00000,,,,<LOD,80,1.00000,0.00000,,,,385,15,1.00000,0.00000,,,,22753,101,1.00000,0.00000,,,,122,20,1.00000,0.00000,,,,29,4,1.00000,0.00000,,,,58,4,1.00000,0.00000,,,,179,4,1.00000,0.00000,,,,10,2,1.00000,0.00000,,,,<LOD,3,1.00000,0.00000,,,,52,1,1.00000,0.00000,,,,94,1,1.00000,0.00000,,,,30,1,1.00000,0.00000,,,,397,3,1.00000,0.00000,,,,18,1,1.00000,0.00000,,,,<LOD,7,1.00000,0.00000,,,,<LOD,0,1.00000,0.00000,,,,<LOD,35,1.00000,0.00000,,,,<LOD,42,1.00000,0.00000,,,,<LOD,57,1.00000,0.00000,,,,<LOD,1372,1.00000,0.00000,,,,41,6,1.00000,0.00000,,,,<LOD,7,1.00000,0.00000,,,,<LOD,16,1.00000,0.00000,,,,66,2,1.00000,0.00000,,,,<LOD,34,1.00000,0.00000,,,,16,3,1.00000,0.00000,,,,<LOD,10,1.00000,0.00000,,,,887932,628,1.00000,0.00000,Sample 49,11,In Situ,CG,\,30,30,
849957,31,2026-04-27,15:39:28,Geochem(3-Beam),,31,No,,,PPM,,,,<LOD,101466,1.00000,0.00000,,,,2778,573,1.00000,0.00000,,,,13113,195,1.00000,0.00000,,,,433,41,1.00000,0.00000,,,,1086,39,1.00000,0.00000,,,,4204,59,1.00000,0.00000,,,,14167,59,1.00000,0.00000,,,,<LOD,3394,1.00000,0.00000,,,,<LOD,75,1.00000,0.00000,,,,<LOD,58,1.00000,0.00000,,,,167,13,1.00000,0.00000,,,,2890,30,1.00000,0.00000,,,,<LOD,38,1.00000,0.00000,,,,<LOD,14,1.00000,0.00000,,,,16,3,1.00000,0.00000,,,,52,2,1.00000,0.00000,,,,<LOD,5,1.00000,0.00000,,,,<LOD,2,1.00000,0.00000,,,,9,1,1.00000,0.00000,,,,73,1,1.00000,0.00000,,,,20,1,1.00000,0.00000,,,,20,1,1.00000,0.00000,,,,18,1,1.00000,0.00000,,,,16,1,1.00000,0.00000,,,,<LOD,0,1.00000,0.00000,,,,<LOD,33,1.00000,0.00000,,,,<LOD,36,1.00000,0.00000,,,,<LOD,48,1.00000,0.00000,,,,<LOD,823,1.00000,0.00000,,,,19,5,1.00000,0.00000,,,,<LOD,7,1.00000,0.00000,,,,<LOD,14,1.00000,0.00000,,,,8,1,1.00000,0.00000,,,,<LOD,37,1.00000,0.00000,,,,62,3,1.00000,0.00000,,,,17,1,1.00000,0.00000,,,,960830,600,1.00000,0.00000,Sample 50,11,In Situ,CG,\,30,30,
849957,32,2026-04-27,15:41:16,Geochem(3-Beam),,32,No,,,PPM,,,,<LOD,60016,1.00000,0.00000,,,,9052,469,1.00000,0.00000,,,,56131,327,1.00000,0.00000,,,,295,33,1.00000,0.00000,,,,837,31,1.00000,0.00000,,,,2317,45,1.00000,0.00000,,,,5208,31,1.00000,0.00000,,,,5075,120,1.00000,0.00000,,,,88,28,1.00000,0.00000,,,,<LOD,76,1.00000,0.00000,,,,300,14,1.00000,0.00000,,,,21297,94,1.00000,0.00000,,,,111,18,1.00000,0.00000,,,,33,4,1.00000,0.00000,,,,54,3,1.00000,0.00000,,,,250,5,1.00000,0.00000,,,,9,2,1.00000,0.00000,,,,<LOD,3,1.00000,0.00000,,,,49,1,1.00000,0.00000,,,,76,1,1.00000,0.00000,,,,33,1,1.00000,0.00000,,,,516,3,1.00000,0.00000,,,,17,1,1.00000,0.00000,,,,<LOD,7,1.00000,0.00000,,,,<LOD,0,1.00000,0.00000,,,,<LOD,35,1.00000,0.00000,,,,<LOD,41,1.00000,0.00000,,,,<LOD,56,1.00000,0.00000,,,,<LOD,1320,1.00000,0.00000,,,,26,6,1.00000,0.00000,,,,<LOD,8,1.00000,0.00000,,,,<LOD,16,1.00000,0.00000,,,,108,2,1.00000,0.00000,,,,<LOD,33,1.00000,0.00000,,,,<LOD,15,1.00000,0.00000,,,,<LOD,10,1.00000,0.00000,,,,898117,600,1.00000,0.00000,Sample 51,11,In Situ,CG,\,30,30,
849957,33,2026-04-27,15:42:53,Geochem(3-Beam),,33,No,,,PPM,,,,<LOD,77036,1.00000,0.00000,,,,2216,388,1.00000,0.00000,,,,8927,133,1.00000,0.00000,,,,156,29,1.00000,0.00000,,,,687,26,1.00000,0.00000,,,,1641,36,1.00000,0.00000,,,,14786,50,1.00000,0.00000,,,,<LOD,2582,1.00000,0.00000,,,,<LOD,57,1.00000,0.00000,,,,<LOD,45,1.00000,0.00000,,,,327,12,1.00000,0.00000,,,,1983,21,1.00000,0.00000,,,,<LOD,26,1.00000,0.00000,,,,<LOD,10,1.00000,0.00000,,,,18,2,1.00000,0.00000,,,,49,2,1.00000,0.00000,,,,<LOD,4,1.00000,0.00000,,,,<LOD,2,1.00000,0.00000,,,,3,0,1.00000,0.00000,,,,50,1,1.00000,0.00000,,,,11,1,1.00000,0.00000,,,,23,1,1.00000,0.00000,,,,14,1,1.00000,0.00000,,,,12,1,1.00000,0.00000,,,,<LOD,0,1.00000,0.00000,,,,<LOD,28,1.00000,0.00000,,,,<LOD,30,1.00000,0.00000,,,,<LOD,41,1.00000,0.00000,,,,<LOD,689,1.00000,0.00000,,,,12,3,1.00000,0.00000,,,,<LOD,5,1.00000,0.00000,,,,<LOD,10,1.00000,0.00000,,,,6,1,1.00000,0.00000,,,,<LOD,29,1.00000,0.00000,,,,46,2,1.00000,0.00000,,,,7,1,1.00000,0.00000,,,,969026,410,1.00000,0.00000,Sample 52,11,In Situ,CG,\,30,30,
849957,34,2026-04-27,15:44:26,Geochem(3-Beam),,34,No,,,PPM,,,,<LOD,56027,1.00000,0.00000,,,,15301,501,1.00000,0.00000,,,,62927,348,1.00000,0.00000,,,,426,34,1.00000,0.00000,,,,873,31,1.00000,0.00000,,,,1588,44,1.00000,0.00000,,,,3880,27,1.00000,0.00000,,,,4080,113,1.00000,0.00000,,,,92,27,1.00000,0.00000,,,,<LOD,76,1.00000,0.00000,,,,386,15,1.00000,0.00000,,,,24372,104,1.00000,0.00000,,,,69,19,1.00000,0.00000,,,,35,4,1.00000,0.00000,,,,46,3,1.00000,0.00000,,,,165,4,1.00000,0.00000,,,,16,3,1.00000,0.00000,,,,<LOD,3,1.00000,0.00000,,,,67,1,1.00000,0.00000,,,,56,1,1.00000,0.00000,,,,26,1,1.00000,0.00000,,,,326,2,1.00000,0.00000,,,,17,1,1.00000,0.00000,,,,<LOD,7,1.00000,0.00000,,,,<LOD,0,1.00000,0.00000,,,,<LOD,34,1.00000,0.00000,,,,<LOD,41,1.00000,0.00000,,,,<LOD,55,1.00000,0.00000,,,,<LOD,1308,1.00000,0.00000,,,,28,6,1.00000,0.00000,,,,<LOD,8,1.00000,0.00000,,,,<LOD,16,1.00000,0.00000,,,,236,4,1.00000,0.00000,,,,<LOD,33,1.00000,0.00000,,,,14,3,1.00000,0.00000,,,,<LOD,10,1.00000,0.00000,,,,884971,639,1.00000,0.00000,Sample 53,11,In Situ,CG,\,30,30,
849957,35,2026-04-27,15:46:04,Geochem(3-Beam),,35,No,,,PPM,,,,<LOD,39483,1.00000,0.00000,,,,12717,479,1.00000,0.00000,,,,91707,432,1.00000,0.00000,,,,808,39,1.00000,0.00000,,,,1062,34,1.00000,0.00000,,,,1714,46,1.00000,0.00000,,,,7229,38,1.00000,0.00000,,,,5866,132,1.00000,0.00000,,,,108,31,1.00000,0.00000,,,,86,17,1.00000,0.00000,,,,367,15,1.00000,0.00000,,,,24791,108,1.00000,0.00000,,,,105,21,1.00000,0.00000,,,,48,4,1.00000,0.00000,,,,100,4,1.00000,0.00000,,,,592,7,1.00000,0.00000,,,,26,5,1.00000,0.00000,,,,<LOD,3,1.00000,0.00000,,,,60,1,1.00000,0.00000,,,,89,1,1.00000,0.00000,,,,38,1,1.00000,0.00000,,,,652,3,1.00000,0.00000,,,,23,1,1.00000,0.00000,,,,<LOD,8,1.00000,0.00000,,,,25,7,1.00000,0.00000,,,,<LOD,35,1.00000,0.00000,,,,<LOD,42,1.00000,0.00000,,,,<LOD,58,1.00000,0.00000,,,,414,117,1.00000,0.00000,,,,51,8,1.00000,0.00000,,,,<LOD,10,1.00000,0.00000,,,,<LOD,18,1.00000,0.00000,,,,569,6,1.00000,0.00000,,,,<LOD,35,1.00000,0.00000,,,,17,3,1.00000,0.00000,,,,<LOD,10,1.00000,0.00000,,,,850735,700,1.00000,0.00000,Sample 54,11,In Situ,CG,\,30,30,
849957,36,2026-04-27,15:47:33,Geochem(3-Beam),,36,No,,,PPM,,,,<LOD,60056,1.00000,0.00000,,,,7800,413,1.00000,0.00000,,,,58553,318,1.00000,0.00000,,,,363,31,1.00000,0.00000,,,,1529,31,1.00000,0.00000,,,,2119,41,1.00000,0.00000,,,,5315,30,1.00000,0.00000,,,,4784,113,1.00000,0.00000,,,,89,26,1.00000,0.00000,,,,97,15,1.00000,0.00000,,,,303,13,1.00000,0.00000,,,,22874,96,1.00000,0.00000,,,,71,18,1.00000,0.00000,,,,50,4,1.00000,0.00000,,,,67,3,1.00000,0.00000,,,,599,7,1.00000,0.00000,,,,61,6,1.00000,0.00000,,,,<LOD,3,1.00000,0.00000,,,,37,1,1.00000,0.00000,,,,70,1,1.00000,0.00000,,,,24,1,1.00000,0.00000,,,,448,3,1.00000,0.00000,,,,14,1,1.00000,0.00000,,,,<LOD,7,1.00000,0.00000,,,,<LOD,0,1.00000,0.00000,,,,31,7,1.00000,0.00000,,,,<LOD,39,1.00000,0.00000,,,,<LOD,53,1.00000,0.00000,,,,379,101,1.00000,0.00000,,,,34,7,1.00000,0.00000,,,,<LOD,10,1.00000,0.00000,,,,<LOD,17,1.00000,0.00000,,,,1185,8,1.00000,0.00000,,,,<LOD,33,1.00000,0.00000,,,,<LOD,14,1.00000,0.00000,,,,<LOD,9,1.00000,0.00000,,,,893105,568,1.00000,0.00000,Sample 55,11,In Situ,CG,\,30,30,
849957,37,2026-04-27,15:49:26,Geochem(3-Beam),,37,No,,,PPM,,,,<LOD,49923,1.00000,0.00000,,,,11942,478,1.00000,0.00000,,,,74198,385,1.00000,0.00000,,,,549,36,1.00000,0.00000,,,,928,33,1.00000,0.00000,,,,1963,45,1.00000,0.00000,,,,4685,30,1.00000,0.00000,,,,5201,124,1.00000,0.00000,,,,<LOD,145,1.00000,0.00000,,,,70,16,1.00000,0.00000,,,,406,16,1.00000,0.00000,,,,25603,110,1.00000,0.00000,,,,115,21,1.00000,0.00000,,,,38,4,1.00000,0.00000,,,,68,4,1.00000,0.00000,,,,292,5,1.00000,0.00000,,,,66,4,1.00000,0.00000,,,,<LOD,3,1.00000,0.00000,,,,54,1,1.00000,0.00000,,,,93,1,1.00000,0.00000,,,,38,1,1.00000,0.00000,,,,543,3,1.00000,0.00000,,,,18,1,1.00000,0.00000,,,,<LOD,7,1.00000,0.00000,,,,<LOD,0,1.00000,0.00000,,,,<LOD,35,1.00000,0.00000,,,,<LOD,42,1.00000,0.00000,,,,<LOD,57,1.00000,0.00000,,,,368,109,1.00000,0.00000,,,,28,7,1.00000,0.00000,,,,<LOD,10,1.00000,0.00000,,,,<LOD,17,1.00000,0.00000,,,,456,5,1.00000,0.00000,,,,<LOD,34,1.00000,0.00000,,,,11,3,1.00000,0.00000,,,,<LOD,10,1.00000,0.00000,,,,872269,662,1.00000,0.00000,Sample 56,11,In Situ,CG,\,30,30,
849957,38,2026-04-27,15:50:56,Geochem(3-Beam),,38,No,,,PPM,,,,<LOD,48214,1.00000,0.00000,,,,10930,492,1.00000,0.00000,,,,78766,409,1.00000,0.00000,,,,383,36,1.00000,0.00000,,,,795,34,1.00000,0.00000,,,,2230,49,1.00000,0.00000,,,,4948,32,1.00000,0.00000,,,,5360,128,1.00000,0.00000,,,,<LOD,159,1.00000,0.00000,,,,53,16,1.00000,0.00000,,,,382,16,1.00000,0.00000,,,,29803,127,1.00000,0.00000,,,,131,23,1.00000,0.00000,,,,37,4,1.00000,0.00000,,,,61,4,1.00000,0.00000,,,,663,8,1.00000,0.00000,,,,13,3,1.00000,0.00000,,,,<LOD,3,1.00000,0.00000,,,,66,1,1.00000,0.00000,,,,90,1,1.00000,0.00000,,,,37,1,1.00000,0.00000,,,,547,3,1.00000,0.00000,,,,20,1,1.00000,0.00000,,,,<LOD,8,1.00000,0.00000,,,,35,7,1.00000,0.00000,,,,<LOD,36,1.00000,0.00000,,,,<LOD,43,1.00000,0.00000,,,,<LOD,59,1.00000,0.00000,,,,406,114,1.00000,0.00000,,,,26,8,1.00000,0.00000,,,,<LOD,9,1.00000,0.00000,,,,<LOD,18,1.00000,0.00000,,,,199,4,1.00000,0.00000,,,,<LOD,35,1.00000,0.00000,,,,14,3,1.00000,0.00000,,,,<LOD,10,1.00000,0.00000,,,,864006,696,1.00000,0.00000,Sample 57,11,In Situ,CG,\,30,30,
849957,39,2026-04-27,15:52:54,Geochem(3-Beam),,39,No,,,PPM,,,,<LOD,43914,1.00000,0.00000,,,,9294,502,1.00000,0.00000,,,,100269,487,1.00000,0.00000,,,,394,41,1.00000,0.00000,,,,847,37,1.00000,0.00000,,,,2241,53,1.00000,0.00000,,,,6722,39,1.00000,0.00000,,,,6291,143,1.00000,0.00000,,,,<LOD,168,1.00000,0.00000,,,,<LOD,90,1.00000,0.00000,,,,366,17,1.00000,0.00000,,,,26385,121,1.00000,0.00000,,,,135,23,1.00000,0.00000,,,,47,4,1.00000,0.00000,,,,68,4,1.00000,0.00000,,,,345,6,1.00000,0.00000,,,,14,3,1.00000,0.00000,,,,<LOD,3,1.00000,0.00000,,,,67,1,1.00000,0.00000,,,,101,1,1.00000,0.00000,,,,43,1,1.00000,0.00000,,,,648,4,1.00000,0.00000,,,,27,1,1.00000,0.00000,,,,6,2,1.00000,0.00000,,,,33,7,1.00000,0.00000,,,,<LOD,37,1.00000,0.00000,,,,<LOD,43,1.00000,0.00000,,,,<LOD,58,1.00000,0.00000,,,,<LOD,1497,1.00000,0.00000,,,,36,7,1.00000,0.00000,,,,<LOD,9,1.00000,0.00000,,,,<LOD,19,1.00000,0.00000,,,,144,3,1.00000,0.00000,,,,<LOD,38,1.00000,0.00000,,,,33,4,1.00000,0.00000,,,,<LOD,11,1.00000,0.00000,,,,845442,748,1.00000,0.00000,Sample 58,11,In Situ,CG,\,30,30,
849957,40,2026-04-27,15:54:52,Geochem(3-Beam),,40,No,,,PPM,,,,<LOD,68270,1.00000,0.00000,,,,8336,472,1.00000,0.00000,,,,52189,317,1.00000,0.00000,,,,395,35,1.00000,0.00000,,,,725,32,1.00000,0.00000,,,,1801,45,1.00000,0.00000,,,,4288,28,1.00000,0.00000,,,,3958,112,1.00000,0.00000,,,,<LOD,130,1.00000,0.00000,,,,<LOD,75,1.00000,0.00000,,,,300,14,1.00000,0.00000,,,,18365,85,1.00000,0.00000,,,,71,17,1.00000,0.00000,,,,31,4,1.00000,0.00000,,,,33,3,1.00000,0.00000,,,,145,4,1.00000,0.00000,,,,9,2,1.00000,0.00000,,,,<LOD,3,1.00000,0.00000,,,,45,1,1.00000,0.00000,,,,68,1,1.00000,0.00000,,,,35,1,1.00000,0.00000,,,,372,2,1.00000,0.00000,,,,15,1,1.00000,0.00000,,,,<LOD,7,1.00000,0.00000,,,,<LOD,0,1.00000,0.00000,,,,<LOD,35,1.00000,0.00000,,,,<LOD,41,1.00000,0.00000,,,,<LOD,56,1.00000,0.00000,,,,<LOD,1247,1.00000,0.00000,,,,25,6,1.00000,0.00000,,,,<LOD,8,1.00000,0.00000,,,,<LOD,15,1.00000,0.00000,,,,119,3,1.00000,0.00000,,,,<LOD,33,1.00000,0.00000,,,,13,3,1.00000,0.00000,,,,<LOD,9,1.00000,0.00000,,,,908660,588,1.00000,0.00000,Sample 59,11,In Situ,CG,\,30,30,
849957,1,2026-04-28,13:08:37,Geochem(3-Beam),,1,No,,,PPM,,,,<LOD,82741,1.00000,0.00000,,,,3754,495,1.00000,0.00000,,,,43950,301,1.00000,0.00000,,,,<LOD,1206,1.00000,0.00000,,,,568,32,1.00000,0.00000,,,,3621,50,1.00000,0.00000,,,,4217,28,1.00000,0.00000,,,,5124,120,1.00000,0.00000,,,,122,28,1.00000,0.00000,,,,46,15,1.00000,0.00000,,,,390,15,1.00000,0.00000,,,,19884,91,1.00000,0.00000,,,,110,18,1.00000,0.00000,,,,31,4,1.00000,0.00000,,,,47,3,1.00000,0.00000,,,,445,6,1.00000,0.00000,,,,10,2,1.00000,0.00000,,,,<LOD,3,1.00000,0.00000,,,,54,1,1.00000,0.00000,,,,68,1,1.00000,0.00000,,,,34,1,1.00000,0.00000,,,,579,3,1.00000,0.00000,,,,21,1,1.00000,0.00000,,,,<LOD,7,1.00000,0.00000,,,,<LOD,0,1.00000,0.00000,,,,<LOD,35,1.00000,0.00000,,,,<LOD,42,1.00000,0.00000,,,,<LOD,57,1.00000,0.00000,,,,<LOD,1300,1.00000,0.00000,,,,28,6,1.00000,0.00000,,,,<LOD,8,1.00000,0.00000,,,,<LOD,16,1.00000,0.00000,,,,84,2,1.00000,0.00000,,,,<LOD,33,1.00000,0.00000,,,,10,3,1.00000,0.00000,,,,<LOD,9,1.00000,0.00000,,,,916803,597,1.00000,0.00000,Sample 60,11,In Situ,CG,\,30,30,
849957,2,2026-04-28,13:10:20,Geochem(3-Beam),,2,No,,,PPM,,,,<LOD,47226,1.00000,0.00000,,,,12826,519,1.00000,0.00000,,,,90122,440,1.00000,0.00000,,,,377,37,1.00000,0.00000,,,,923,34,1.00000,0.00000,,,,1784,47,1.00000,0.00000,,,,5112,32,1.00000,0.00000,,,,5825,129,1.00000,0.00000,,,,123,30,1.00000,0.00000,,,,162,18,1.00000,0.00000,,,,414,16,1.00000,0.00000,,,,30150,125,1.00000,0.00000,,,,160,23,1.00000,0.00000,,,,35,4,1.00000,0.00000,,,,60,4,1.00000,0.00000,,,,676,8,1.00000,0.00000,,,,17,3,1.00000,0.00000,,,,<LOD,3,1.00000,0.00000,,,,66,1,1.00000,0.00000,,,,108,1,1.00000,0.00000,,,,34,1,1.00000,0.00000,,,,553,3,1.00000,0.00000,,,,21,1,1.00000,0.00000,,,,<LOD,7,1.00000,0.00000,,,,39,7,1.00000,0.00000,,,,<LOD,35,1.00000,0.00000,,,,28,9,1.00000,0.00000,,,,<LOD,58,1.00000,0.00000,,,,<LOD,1415,1.00000,0.00000,,,,25,8,1.00000,0.00000,,,,<LOD,9,1.00000,0.00000,,,,<LOD,17,1.00000,0.00000,,,,196,3,1.00000,0.00000,,,,<LOD,34,1.00000,0.00000,,,,19,3,1.00000,0.00000,,,,<LOD,10,1.00000,0.00000,,,,850145,722,1.00000,0.00000,Sample 61,11,In Situ,CG,\,30,30,
849957,3,2026-04-28,13:12:09,Geochem(3-Beam),,3,No,,,PPM,,,,<LOD,58153,1.00000,0.00000,,,,9713,486,1.00000,0.00000,,,,60752,341,1.00000,0.00000,,,,435,35,1.00000,0.00000,,,,1015,32,1.00000,0.00000,,,,2151,44,1.00000,0.00000,,,,7193,36,1.00000,0.00000,,,,4360,114,1.00000,0.00000,,,,<LOD,131,1.00000,0.00000,,,,46,15,1.00000,0.00000,,,,372,14,1.00000,0.00000,,,,19654,87,1.00000,0.00000,,,,89,17,1.00000,0.00000,,,,30,3,1.00000,0.00000,,,,45,3,1.00000,0.00000,,,,356,5,1.00000,0.00000,,,,7,2,1.00000,0.00000,,,,<LOD,3,1.00000,0.00000,,,,49,1,1.00000,0.00000,,,,114,1,1.00000,0.00000,,,,28,1,1.00000,0.00000,,,,440,3,1.00000,0.00000,,,,14,1,1.00000,0.00000,,,,<LOD,7,1.00000,0.00000,,,,<LOD,0,1.00000,0.00000,,,,<LOD,34,1.00000,0.00000,,,,<LOD,40,1.00000,0.00000,,,,<LOD,54,1.00000,0.00000,,,,<LOD,1241,1.00000,0.00000,,,,<LOD,31,1.00000,0.00000,,,,<LOD,8,1.00000,0.00000,,,,<LOD,15,1.00000,0.00000,,,,134,3,1.00000,0.00000,,,,<LOD,32,1.00000,0.00000,,,,13,3,1.00000,0.00000,,,,4,1,1.00000,0.00000,,,,892986,615,1.00000,0.00000,Sample 62,11,In Situ,CG,\,30,30,
849957,4,2026-04-28,13:14:07,Geochem(3-Beam),,4,No,,,PPM,,,,<LOD,123058,1.00000,0.00000,,,,2023,505,1.00000,0.00000,,,,11702,176,1.00000,0.00000,,,,<LOD,1833,1.00000,0.00000,,,,421,32,1.00000,0.00000,,,,1488,45,1.00000,0.00000,,,,12010,48,1.00000,0.00000,,,,<LOD,3590,1.00000,0.00000,,,,<LOD,62,1.00000,0.00000,,,,<LOD,49,1.00000,0.00000,,,,289,13,1.00000,0.00000,,,,1626,21,1.00000,0.00000,,,,<LOD,26,1.00000,0.00000,,,,<LOD,11,1.00000,0.00000,,,,9,2,1.00000,0.00000,,,,45,2,1.00000,0.00000,,,,<LOD,4,1.00000,0.00000,,,,<LOD,2,1.00000,0.00000,,,,2,0,1.00000,0.00000,,,,49,1,1.00000,0.00000,,,,11,1,1.00000,0.00000,,,,18,1,1.00000,0.00000,,,,12,1,1.00000,0.00000,,,,13,1,1.00000,0.00000,,,,<LOD,0,1.00000,0.00000,,,,<LOD,30,1.00000,0.00000,,,,<LOD,32,1.00000,0.00000,,,,<LOD,44,1.00000,0.00000,,,,<LOD,781,1.00000,0.00000,,,,23,4,1.00000,0.00000,,,,<LOD,6,1.00000,0.00000,,,,<LOD,12,1.00000,0.00000,,,,6,1,1.00000,0.00000,,,,<LOD,32,1.00000,0.00000,,,,49,3,1.00000,0.00000,,,,11,1,1.00000,0.00000,,,,970193,530,1.00000,0.00000,Sample 63,11,In Situ,CG,\,30,30,
849957,5,2026-04-28,13:19:36,Geochem(3-Beam),,5,No,,,PPM,,,,<LOD,52838,1.00000,0.00000,,,,8528,468,1.00000,0.00000,,,,55536,321,1.00000,0.00000,,,,268,32,1.00000,0.00000,,,,704,30,1.00000,0.00000,,,,8876,61,1.00000,0.00000,,,,6589,34,1.00000,0.00000,,,,5386,120,1.00000,0.00000,,,,98,28,1.00000,0.00000,,,,46,15,1.00000,0.00000,,,,476,16,1.00000,0.00000,,,,25946,107,1.00000,0.00000,,,,116,20,1.00000,0.00000,,,,43,4,1.00000,0.00000,,,,48,3,1.00000,0.00000,,,,287,5,1.00000,0.00000,,,,8,2,1.00000,0.00000,,,,<LOD,3,1.00000,0.00000,,,,48,1,1.00000,0.00000,,,,80,1,1.00000,0.00000,,,,26,1,1.00000,0.00000,,,,411,2,1.00000,0.00000,,,,17,1,1.00000,0.00000,,,,<LOD,7,1.00000,0.00000,,,,<LOD,0,1.00000,0.00000,,,,<LOD,34,1.00000,0.00000,,,,<LOD,41,1.00000,0.00000,,,,<LOD,56,1.00000,0.00000,,,,<LOD,1319,1.00000,0.00000,,,,27,6,1.00000,0.00000,,,,<LOD,7,1.00000,0.00000,,,,<LOD,15,1.00000,0.00000,,,,105,2,1.00000,0.00000,,,,<LOD,32,1.00000,0.00000,,,,9,3,1.00000,0.00000,,,,<LOD,9,1.00000,0.00000,,,,886321,608,1.00000,0.00000,Sample 64,11,In Situ,CG,\,30,30,
849957,6,2026-04-28,13:20:55,Geochem(3-Beam),,6,No,,,PPM,,,,<LOD,63552,1.00000,0.00000,,,,7151,440,1.00000,0.00000,,,,58672,323,1.00000,0.00000,,,,433,33,1.00000,0.00000,,,,1060,30,1.00000,0.00000,,,,1814,41,1.00000,0.00000,,,,4357,26,1.00000,0.00000,,,,4245,109,1.00000,0.00000,,,,<LOD,124,1.00000,0.00000,,,,47,14,1.00000,0.00000,,,,205,12,1.00000,0.00000,,,,18748,82,1.00000,0.00000,,,,103,16,1.00000,0.00000,,,,29,3,1.00000,0.00000,,,,91,4,1.00000,0.00000,,,,296,5,1.00000,0.00000,,,,13,4,1.00000,0.00000,,,,<LOD,3,1.00000,0.00000,,,,37,1,1.00000,0.00000,,,,75,1,1.00000,0.00000,,,,28,1,1.00000,0.00000,,,,397,2,1.00000,0.00000,,,,13,1,1.00000,0.00000,,,,<LOD,7,1.00000,0.00000,,,,<LOD,0,1.00000,0.00000,,,,23,7,1.00000,0.00000,,,,<LOD,39,1.00000,0.00000,,,,<LOD,53,1.00000,0.00000,,,,<LOD,1191,1.00000,0.00000,,,,21,6,1.00000,0.00000,,,,<LOD,8,1.00000,0.00000,,,,<LOD,15,1.00000,0.00000,,,,576,5,1.00000,0.00000,,,,<LOD,32,1.00000,0.00000,,,,14,3,1.00000,0.00000,,,,<LOD,9,1.00000,0.00000,,,,901553,566,1.00000,0.00000,Sample 65,11,In Situ,CG,\,30,30,
849957,7,2026-04-28,13:23:13,Geochem(3-Beam),,7,No,,,PPM,,,,<LOD,63185,1.00000,0.00000,,,,7051,473,1.00000,0.00000,,,,57454,336,1.00000,0.00000,,,,228,33,1.00000,0.00000,,,,753,32,1.00000,0.00000,,,,3109,47,1.00000,0.00000,,,,4272,28,1.00000,0.00000,,,,6333,129,1.00000,0.00000,,,,<LOD,150,1.00000,0.00000,,,,90,16,1.00000,0.00000,,,,454,16,1.00000,0.00000,,,,23379,102,1.00000,0.00000,,,,104,19,1.00000,0.00000,,,,32,4,1.00000,0.00000,,,,43,3,1.00000,0.00000,,,,645,8,1.00000,0.00000,,,,14,4,1.00000,0.00000,,,,<LOD,3,1.00000,0.00000,,,,47,1,1.00000,0.00000,,,,66,1,1.00000,0.00000,,,,26,1,1.00000,0.00000,,,,437,3,1.00000,0.00000,,,,17,1,1.00000,0.00000,,,,<LOD,7,1.00000,0.00000,,,,37,6,1.00000,0.00000,,,,29,7,1.00000,0.00000,,,,<LOD,42,1.00000,0.00000,,,,<LOD,57,1.00000,0.00000,,,,356,110,1.00000,0.00000,,,,40,7,1.00000,0.00000,,,,<LOD,8,1.00000,0.00000,,,,<LOD,17,1.00000,0.00000,,,,368,4,1.00000,0.00000,,,,<LOD,33,1.00000,0.00000,,,,<LOD,15,1.00000,0.00000,,,,<LOD,9,1.00000,0.00000,,,,894616,621,1.00000,0.00000,Sample 66,11,In Situ,CG,\,30,30,
849957,8,2026-04-28,13:25:14,Geochem(3-Beam),,8,No,,,PPM,,,,<LOD,38659,1.00000,0.00000,,,,12434,463,1.00000,0.00000,,,,91611,415,1.00000,0.00000,,,,642,36,1.00000,0.00000,,,,1471,33,1.00000,0.00000,,,,1630,43,1.00000,0.00000,,,,8641,39,1.00000,0.00000,,,,4996,118,1.00000,0.00000,,,,89,28,1.00000,0.00000,,,,46,15,1.00000,0.00000,,,,649,18,1.00000,0.00000,,,,25167,103,1.00000,0.00000,,,,156,20,1.00000,0.00000,,,,34,4,1.00000,0.00000,,,,127,4,1.00000,0.00000,,,,926,9,1.00000,0.00000,,,,27,3,1.00000,0.00000,,,,<LOD,3,1.00000,0.00000,,,,54,1,1.00000,0.00000,,,,85,1,1.00000,0.00000,,,,27,1,1.00000,0.00000,,,,429,3,1.00000,0.00000,,,,20,1,1.00000,0.00000,,,,<LOD,7,1.00000,0.00000,,,,<LOD,0,1.00000,0.00000,,,,<LOD,34,1.00000,0.00000,,,,36,8,1.00000,0.00000,,,,<LOD,55,1.00000,0.00000,,,,<LOD,1276,1.00000,0.00000,,,,<LOD,38,1.00000,0.00000,,,,<LOD,8,1.00000,0.00000,,,,<LOD,16,1.00000,0.00000,,,,326,4,1.00000,0.00000,,,,<LOD,32,1.00000,0.00000,,,,15,3,1.00000,0.00000,,,,<LOD,9,1.00000,0.00000,,,,850361,663,1.00000,0.00000,Sample 67,11,In Situ,CG,\,30,30,
849957,9,2026-04-28,13:27:35,Geochem(3-Beam),,9,No,,,PPM,,,,<LOD,46590,1.00000,0.00000,,,,4578,586,1.00000,0.00000,,,,23924,236,1.00000,0.00000,,,,1707,50,1.00000,0.00000,,,,5199,52,1.00000,0.00000,,,,5809,60,1.00000,0.00000,,,,35829,129,1.00000,0.00000,,,,808,90,1.00000,0.00000,,,,<LOD,104,1.00000,0.00000,,,,<LOD,74,1.00000,0.00000,,,,313,16,1.00000,0.00000,,,,13334,77,1.00000,0.00000,,,,53,17,1.00000,0.00000,,,,27,4,1.00000,0.00000,,,,43,3,1.00000,0.00000,,,,100,3,1.00000,0.00000,,,,4,1,1.00000,0.00000,,,,<LOD,3,1.00000,0.00000,,,,30,1,1.00000,0.00000,,,,62,1,1.00000,0.00000,,,,19,1,1.00000,0.00000,,,,58,1,1.00000,0.00000,,,,16,1,1.00000,0.00000,,,,15,1,1.00000,0.00000,,,,<LOD,0,1.00000,0.00000,,,,<LOD,36,1.00000,0.00000,,,,<LOD,40,1.00000,0.00000,,,,<LOD,54,1.00000,0.00000,,,,<LOD,1087,1.00000,0.00000,,,,24,6,1.00000,0.00000,,,,<LOD,8,1.00000,0.00000,,,,<LOD,17,1.00000,0.00000,,,,15,2,1.00000,0.00000,,,,<LOD,39,1.00000,0.00000,,,,53,3,1.00000,0.00000,,,,13,2,1.00000,0.00000,,,,907967,657,1.00000,0.00000,Sample 68,11,In Situ,CG,\,30,30,
849957,10,2026-04-28,13:29:47,Geochem(3-Beam),,10,No,,,PPM,,,,<LOD,46287,1.00000,0.00000,,,,12765,516,1.00000,0.00000,,,,67708,374,1.00000,0.00000,,,,682,39,1.00000,0.00000,,,,1146,35,1.00000,0.00000,,,,1666,46,1.00000,0.00000,,,,12327,53,1.00000,0.00000,,,,4801,121,1.00000,0.00000,,,,121,29,1.00000,0.00000,,,,<LOD,85,1.00000,0.00000,,,,646,19,1.00000,0.00000,,,,31371,130,1.00000,0.00000,,,,153,23,1.00000,0.00000,,,,47,4,1.00000,0.00000,,,,50,4,1.00000,0.00000,,,,240,5,1.00000,0.00000,,,,9,2,1.00000,0.00000,,,,<LOD,3,1.00000,0.00000,,,,56,1,1.00000,0.00000,,,,110,1,1.00000,0.00000,,,,36,1,1.00000,0.00000,,,,336,2,1.00000,0.00000,,,,18,1,1.00000,0.00000,,,,<LOD,7,1.00000,0.00000,,,,<LOD,0,1.00000,0.00000,,,,<LOD,35,1.00000,0.00000,,,,<LOD,41,1.00000,0.00000,,,,<LOD,55,1.00000,0.00000,,,,<LOD,1388,1.00000,0.00000,,,,31,6,1.00000,0.00000,,,,<LOD,8,1.00000,0.00000,,,,<LOD,16,1.00000,0.00000,,,,45,2,1.00000,0.00000,,,,<LOD,34,1.00000,0.00000,,,,18,3,1.00000,0.00000,,,,<LOD,10,1.00000,0.00000,,,,865619,689,1.00000,0.00000,Sample 69,11,In Situ,CG,\,30,30,
849957,11,2026-04-28,13:32:04,Geochem(3-Beam),,11,No,,,PPM,,,,<LOD,56815,1.00000,0.00000,,,,10057,473,1.00000,0.00000,,,,67811,361,1.00000,0.00000,,,,488,35,1.00000,0.00000,,,,1121,32,1.00000,0.00000,,,,1798,43,1.00000,0.00000,,,,6776,35,1.00000,0.00000,,,,4596,117,1.00000,0.00000,,,,88,27,1.00000,0.00000,,,,65,16,1.00000,0.00000,,,,333,14,1.00000,0.00000,,,,23405,101,1.00000,0.00000,,,,108,19,1.00000,0.00000,,,,27,4,1.00000,0.00000,,,,77,4,1.00000,0.00000,,,,607,7,1.00000,0.00000,,,,<LOD,18,1.00000,0.00000,,,,<LOD,3,1.00000,0.00000,,,,52,1,1.00000,0.00000,,,,101,1,1.00000,0.00000,,,,28,1,1.00000,0.00000,,,,378,2,1.00000,0.00000,,,,15,1,1.00000,0.00000,,,,<LOD,7,1.00000,0.00000,,,,<LOD,0,1.00000,0.00000,,,,<LOD,34,1.00000,0.00000,,,,<LOD,41,1.00000,0.00000,,,,<LOD,56,1.00000,0.00000,,,,<LOD,1302,1.00000,0.00000,,,,24,7,1.00000,0.00000,,,,<LOD,9,1.00000,0.00000,,,,<LOD,17,1.00000,0.00000,,,,400,5,1.00000,0.00000,,,,<LOD,33,1.00000,0.00000,,,,13,3,1.00000,0.00000,,,,<LOD,10,1.00000,0.00000,,,,881631,628,1.00000,0.00000,Sample 70,11,In Situ,CG,\,30,30,
849957,12,2026-04-28,13:35:06,Geochem(3-Beam),,12,No,,,PPM,,,,<LOD,46656,1.00000,0.00000,,,,12680,505,1.00000,0.00000,,,,83651,421,1.00000,0.00000,,,,436,37,1.00000,0.00000,,,,869,34,1.00000,0.00000,,,,1818,47,1.00000,0.00000,,,,5255,33,1.00000,0.00000,,,,5896,131,1.00000,0.00000,,,,106,31,1.00000,0.00000,,,,<LOD,83,1.00000,0.00000,,,,527,17,1.00000,0.00000,,,,29697,125,1.00000,0.00000,,,,169,23,1.00000,0.00000,,,,40,4,1.00000,0.00000,,,,63,4,1.00000,0.00000,,,,704,8,1.00000,0.00000,,,,15,3,1.00000,0.00000,,,,<LOD,3,1.00000,0.00000,,,,69,1,1.00000,0.00000,,,,89,1,1.00000,0.00000,,,,36,1,1.00000,0.00000,,,,633,3,1.00000,0.00000,,,,23,1,1.00000,0.00000,,,,<LOD,8,1.00000,0.00000,,,,51,7,1.00000,0.00000,,,,<LOD,36,1.00000,0.00000,,,,<LOD,43,1.00000,0.00000,,,,<LOD,59,1.00000,0.00000,,,,440,115,1.00000,0.00000,,,,34,8,1.00000,0.00000,,,,<LOD,9,1.00000,0.00000,,,,<LOD,18,1.00000,0.00000,,,,241,4,1.00000,0.00000,,,,<LOD,34,1.00000,0.00000,,,,<LOD,16,1.00000,0.00000,,,,<LOD,10,1.00000,0.00000,,,,856457,713,1.00000,0.00000,Sample 71,11,In Situ,CG,\,30,30,
849957,13,2026-04-28,13:36:32,Geochem(3-Beam),,13,No,,,PPM,,,,<LOD,62705,1.00000,0.00000,,,,5097,775,1.00000,0.00000,,,,21093,279,1.00000,0.00000,,,,1693,65,1.00000,0.00000,,,,3493,60,1.00000,0.00000,,,,5441,78,1.00000,0.00000,,,,38291,162,1.00000,0.00000,,,,484,102,1.00000,0.00000,,,,<LOD,110,1.00000,0.00000,,,,<LOD,83,1.00000,0.00000,,,,417,21,1.00000,0.00000,,,,5680,56,1.00000,0.00000,,,,<LOD,65,1.00000,0.00000,,,,<LOD,19,1.00000,0.00000,,,,82,5,1.00000,0.00000,,,,110,4,1.00000,0.00000,,,,<LOD,8,1.00000,0.00000,,,,<LOD,4,1.00000,0.00000,,,,22,1,1.00000,0.00000,,,,49,1,1.00000,0.00000,,,,17,1,1.00000,0.00000,,,,30,1,1.00000,0.00000,,,,20,1,1.00000,0.00000,,,,15,2,1.00000,0.00000,,,,<LOD,0,1.00000,0.00000,,,,<LOD,42,1.00000,0.00000,,,,<LOD,46,1.00000,0.00000,,,,<LOD,62,1.00000,0.00000,,,,<LOD,1169,1.00000,0.00000,,,,26,7,1.00000,0.00000,,,,<LOD,10,1.00000,0.00000,,,,<LOD,20,1.00000,0.00000,,,,17,2,1.00000,0.00000,,,,<LOD,49,1.00000,0.00000,,,,74,4,1.00000,0.00000,,,,15,2,1.00000,0.00000,,,,917835,833,1.00000,0.00000,Sample 72,11,In Situ,CG,\,30,30,
849957,14,2026-04-28,13:37:57,Geochem(3-Beam),,14,No,,,PPM,,,,<LOD,103265,1.00000,0.00000,,,,7520,775,1.00000,0.00000,,,,38970,375,1.00000,0.00000,,,,889,61,1.00000,0.00000,,,,1626,56,1.00000,0.00000,,,,3287,76,1.00000,0.00000,,,,11778,68,1.00000,0.00000,,,,2904,133,1.00000,0.00000,,,,152,34,1.00000,0.00000,,,,<LOD,101,1.00000,0.00000,,,,509,22,1.00000,0.00000,,,,21198,126,1.00000,0.00000,,,,99,24,1.00000,0.00000,,,,45,5,1.00000,0.00000,,,,60,5,1.00000,0.00000,,,,210,6,1.00000,0.00000,,,,7,2,1.00000,0.00000,,,,<LOD,4,1.00000,0.00000,,,,34,1,1.00000,0.00000,,,,69,1,1.00000,0.00000,,,,28,1,1.00000,0.00000,,,,171,2,1.00000,0.00000,,,,18,2,1.00000,0.00000,,,,8,2,1.00000,0.00000,,,,<LOD,0,1.00000,0.00000,,,,<LOD,43,1.00000,0.00000,,,,<LOD,48,1.00000,0.00000,,,,<LOD,64,1.00000,0.00000,,,,<LOD,1532,1.00000,0.00000,,,,29,8,1.00000,0.00000,,,,<LOD,11,1.00000,0.00000,,,,<LOD,21,1.00000,0.00000,,,,32,2,1.00000,0.00000,,,,<LOD,46,1.00000,0.00000,,,,45,4,1.00000,0.00000,,,,13,2,1.00000,0.00000,,,,910298,877,1.00000,0.00000,Sample 73,11,In Situ,CG,\,30,30,
849957,15,2026-04-28,13:40:09,Geochem(3-Beam),,15,No,,,PPM,,,,<LOD,95104,1.00000,0.00000,,,,7851,508,1.00000,0.00000,,,,32937,261,1.00000,0.00000,,,,301,34,1.00000,0.00000,,,,663,32,1.00000,0.00000,,,,2073,45,1.00000,0.00000,,,,3790,27,1.00000,0.00000,,,,3710,104,1.00000,0.00000,,,,80,24,1.00000,0.00000,,,,<LOD,75,1.00000,0.00000,,,,431,15,1.00000,0.00000,,,,25237,109,1.00000,0.00000,,,,87,20,1.00000,0.00000,,,,28,4,1.00000,0.00000,,,,50,3,1.00000,0.00000,,,,152,4,1.00000,0.00000,,,,<LOD,10,1.00000,0.00000,,,,<LOD,3,1.00000,0.00000,,,,61,1,1.00000,0.00000,,,,55,1,1.00000,0.00000,,,,28,1,1.00000,0.00000,,,,207,2,1.00000,0.00000,,,,14,1,1.00000,0.00000,,,,<LOD,7,1.00000,0.00000,,,,<LOD,0,1.00000,0.00000,,,,<LOD,35,1.00000,0.00000,,,,<LOD,41,1.00000,0.00000,,,,<LOD,56,1.00000,0.00000,,,,<LOD,1182,1.00000,0.00000,,,,30,6,1.00000,0.00000,,,,<LOD,7,1.00000,0.00000,,,,<LOD,15,1.00000,0.00000,,,,90,2,1.00000,0.00000,,,,<LOD,32,1.00000,0.00000,,,,<LOD,15,1.00000,0.00000,,,,<LOD,9,1.00000,0.00000,,,,922125,592,1.00000,0.00000,Sample 74,11,In Situ,CG,\,30,30,
849957,16,2026-04-28,13:42:08,Geochem(3-Beam),,16,No,,,PPM,,,,<LOD,303459,1.00000,0.00000,,,,1714,388,1.00000,0.00000,,,,4613,108,1.00000,0.00000,,,,<LOD,4652,1.00000,0.00000,,,,482,25,1.00000,0.00000,,,,1782,36,1.00000,0.00000,,,,2424,18,1.00000,0.00000,,,,<LOD,9129,1.00000,0.00000,,,,<LOD,48,1.00000,0.00000,,,,<LOD,40,1.00000,0.00000,,,,<LOD,18562,1.00000,0.00000,,,,301,9,1.00000,0.00000,,,,<LOD,13,1.00000,0.00000,,,,<LOD,9,1.00000,0.00000,,,,14,2,1.00000,0.00000,,,,8,1,1.00000,0.00000,,,,<LOD,3,1.00000,0.00000,,,,<LOD,2,1.00000,0.00000,,,,1,0,1.00000,0.00000,,,,12,0,1.00000,0.00000,,,,6,1,1.00000,0.00000,,,,9,1,1.00000,0.00000,,,,7,1,1.00000,0.00000,,,,8,1,1.00000,0.00000,,,,<LOD,0,1.00000,0.00000,,,,<LOD,26,1.00000,0.00000,,,,<LOD,29,1.00000,0.00000,,,,<LOD,40,1.00000,0.00000,,,,<LOD,585,1.00000,0.00000,,,,10,3,1.00000,0.00000,,,,<LOD,5,1.00000,0.00000,,,,<LOD,9,1.00000,0.00000,,,,<LOD,4,1.00000,0.00000,,,,<LOD,26,1.00000,0.00000,,,,25,2,1.00000,0.00000,,,,4,1,1.00000,0.00000,,,,988580,403,1.00000,0.00000,Sample 75,11,In Situ,CG,\,30,30,
849957,17,2026-04-28,13:44:23,Geochem(3-Beam),,17,No,,,PPM,,,,<LOD,98390,1.00000,0.00000,,,,<LOD,13123,1.00000,0.00000,,,,6843,163,1.00000,0.00000,,,,3755,66,1.00000,0.00000,,,,3124,50,1.00000,0.00000,,,,7578,72,1.00000,0.00000,,,,16216,69,1.00000,0.00000,,,,<LOD,3078,1.00000,0.00000,,,,<LOD,70,1.00000,0.00000,,,,<LOD,61,1.00000,0.00000,,,,<LOD,6740,1.00000,0.00000,,,,1442,23,1.00000,0.00000,,,,<LOD,30,1.00000,0.00000,,,,<LOD,15,1.00000,0.00000,,,,10,3,1.00000,0.00000,,,,251,5,1.00000,0.00000,,,,<LOD,5,1.00000,0.00000,,,,<LOD,3,1.00000,0.00000,,,,10,1,1.00000,0.00000,,,,13,1,1.00000,0.00000,,,,16,1,1.00000,0.00000,,,,16,1,1.00000,0.00000,,,,19,1,1.00000,0.00000,,,,17,1,1.00000,0.00000,,,,<LOD,0,1.00000,0.00000,,,,<LOD,35,1.00000,0.00000,,,,<LOD,37,1.00000,0.00000,,,,<LOD,50,1.00000,0.00000,,,,<LOD,789,1.00000,0.00000,,,,19,5,1.00000,0.00000,,,,<LOD,7,1.00000,0.00000,,,,<LOD,15,1.00000,0.00000,,,,5,1,1.00000,0.00000,,,,<LOD,39,1.00000,0.00000,,,,68,3,1.00000,0.00000,,,,16,1,1.00000,0.00000,,,,960583,228,1.00000,0.00000,BF3,11,In Situ,CG,\,30,30,
849957,18,2026-04-28,13:46:33,Geochem(3-Beam),,18,No,,,PPM,,,,<LOD,83356,1.00000,0.00000,,,,2214,428,1.00000,0.00000,,,,5137,104,1.00000,0.00000,,,,1296,34,1.00000,0.00000,,,,1116,27,1.00000,0.00000,,,,5362,44,1.00000,0.00000,,,,11921,41,1.00000,0.00000,,,,<LOD,2586,1.00000,0.00000,,,,<LOD,49,1.00000,0.00000,,,,<LOD,40,1.00000,0.00000,,,,<LOD,5630,1.00000,0.00000,,,,154,7,1.00000,0.00000,,,,<LOD,12,1.00000,0.00000,,,,<LOD,9,1.00000,0.00000,,,,<LOD,7,1.00000,0.00000,,,,107,2,1.00000,0.00000,,,,<LOD,3,1.00000,0.00000,,,,<LOD,2,1.00000,0.00000,,,,10,0,1.00000,0.00000,,,,10,0,1.00000,0.00000,,,,10,1,1.00000,0.00000,,,,11,1,1.00000,0.00000,,,,14,1,1.00000,0.00000,,,,11,1,1.00000,0.00000,,,,<LOD,0,1.00000,0.00000,,,,<LOD,26,1.00000,0.00000,,,,<LOD,28,1.00000,0.00000,,,,<LOD,38,1.00000,0.00000,,,,<LOD,577,1.00000,0.00000,,,,19,3,1.00000,0.00000,,,,<LOD,5,1.00000,0.00000,,,,<LOD,10,1.00000,0.00000,,,,3,1,1.00000,0.00000,,,,<LOD,28,1.00000,0.00000,,,,50,2,1.00000,0.00000,,,,10,1,1.00000,0.00000,,,,972545,438,1.00000,0.00000,BF4,11,In Situ,CG,\,30,30,
849957,19,2026-04-28,13:48:15,Geochem(3-Beam),,19,No,,,PPM,,,,<LOD,74560,1.00000,0.00000,,,,1644,452,1.00000,0.00000,,,,4259,101,1.00000,0.00000,,,,2261,40,1.00000,0.00000,,,,2114,32,1.00000,0.00000,,,,11013,59,1.00000,0.00000,,,,11820,42,1.00000,0.00000,,,,<LOD,2381,1.00000,0.00000,,,,<LOD,48,1.00000,0.00000,,,,<LOD,40,1.00000,0.00000,,,,<LOD,5243,1.00000,0.00000,,,,224,8,1.00000,0.00000,,,,<LOD,13,1.00000,0.00000,,,,<LOD,9,1.00000,0.00000,,,,7,2,1.00000,0.00000,,,,120,3,1.00000,0.00000,,,,<LOD,4,1.00000,0.00000,,,,<LOD,2,1.00000,0.00000,,,,5,0,1.00000,0.00000,,,,9,0,1.00000,0.00000,,,,11,1,1.00000,0.00000,,,,12,1,1.00000,0.00000,,,,14,1,1.00000,0.00000,,,,16,1,1.00000,0.00000,,,,<LOD,0,1.00000,0.00000,,,,<LOD,27,1.00000,0.00000,,,,<LOD,29,1.00000,0.00000,,,,<LOD,39,1.00000,0.00000,,,,<LOD,597,1.00000,0.00000,,,,20,3,1.00000,0.00000,,,,<LOD,5,1.00000,0.00000,,,,<LOD,10,1.00000,0.00000,,,,4,1,1.00000,0.00000,,,,<LOD,29,1.00000,0.00000,,,,55,2,1.00000,0.00000,,,,10,1,1.00000,0.00000,,,,966381,462,1.00000,0.00000,BF5,11,In Situ,CG,\,30,30,
849957,20,2026-04-28,13:49:44,Geochem(3-Beam),,20,No,,,PPM,,,,<LOD,76522,1.00000,0.00000,,,,2464,433,1.00000,0.00000,,,,3945,100,1.00000,0.00000,,,,2035,38,1.00000,0.00000,,,,1607,30,1.00000,0.00000,,,,10222,55,1.00000,0.00000,,,,11147,40,1.00000,0.00000,,,,<LOD,2483,1.00000,0.00000,,,,<LOD,45,1.00000,0.00000,,,,<LOD,39,1.00000,0.00000,,,,<LOD,5466,1.00000,0.00000,,,,220,8,1.00000,0.00000,,,,<LOD,13,1.00000,0.00000,,,,<LOD,9,1.00000,0.00000,,,,9,2,1.00000,0.00000,,,,96,2,1.00000,0.00000,,,,<LOD,3,1.00000,0.00000,,,,<LOD,2,1.00000,0.00000,,,,7,0,1.00000,0.00000,,,,11,0,1.00000,0.00000,,,,11,1,1.00000,0.00000,,,,13,1,1.00000,0.00000,,,,15,1,1.00000,0.00000,,,,14,1,1.00000,0.00000,,,,<LOD,0,1.00000,0.00000,,,,<LOD,26,1.00000,0.00000,,,,<LOD,28,1.00000,0.00000,,,,<LOD,38,1.00000,0.00000,,,,<LOD,573,1.00000,0.00000,,,,13,3,1.00000,0.00000,,,,<LOD,5,1.00000,0.00000,,,,<LOD,9,1.00000,0.00000,,,,<LOD,5,1.00000,0.00000,,,,<LOD,28,1.00000,0.00000,,,,54,2,1.00000,0.00000,,,,10,1,1.00000,0.00000,,,,968110,443,1.00000,0.00000,BF6,11,In Situ,CG,\,30,30,
849957,21,2026-04-28,13:51:17,Geochem(3-Beam),,21,No,,,PPM,,,,<LOD,102723,1.00000,0.00000,,,,2280,719,1.00000,0.00000,,,,7392,175,1.00000,0.00000,,,,3594,68,1.00000,0.00000,,,,2863,54,1.00000,0.00000,,,,7317,78,1.00000,0.00000,,,,17303,77,1.00000,0.00000,,,,<LOD,3286,1.00000,0.00000,,,,<LOD,69,1.00000,0.00000,,,,<LOD,65,1.00000,0.00000,,,,<LOD,7147,1.00000,0.00000,,,,1506,25,1.00000,0.00000,,,,<LOD,33,1.00000,0.00000,,,,<LOD,16,1.00000,0.00000,,,,18,3,1.00000,0.00000,,,,237,5,1.00000,0.00000,,,,<LOD,6,1.00000,0.00000,,,,<LOD,3,1.00000,0.00000,,,,9,1,1.00000,0.00000,,,,15,1,1.00000,0.00000,,,,15,1,1.00000,0.00000,,,,16,1,1.00000,0.00000,,,,18,1,1.00000,0.00000,,,,19,1,1.00000,0.00000,,,,<LOD,0,1.00000,0.00000,,,,<LOD,36,1.00000,0.00000,,,,<LOD,39,1.00000,0.00000,,,,<LOD,52,1.00000,0.00000,,,,<LOD,883,1.00000,0.00000,,,,19,6,1.00000,0.00000,,,,<LOD,8,1.00000,0.00000,,,,<LOD,16,1.00000,0.00000,,,,5,1,1.00000,0.00000,,,,<LOD,41,1.00000,0.00000,,,,71,3,1.00000,0.00000,,,,20,2,1.00000,0.00000,,,,957284,734,1.00000,0.00000,BF7,11,In Situ,CG,\,30,30,
